Marca,Título do Produto,URL do Produto,Descrição HTML,Tags,Título da Variante,SKU,Preço (€),Caminhos das Imagens Locais
ACE,ACE X COSMIC COOL MINT 16MG,https://snusmart.com/products/ace-x-cosmic-cool-mint,,"ACE, MEDIUM, MINT",Default Title,5707294351379,4.09,/home/ubuntu/snusmart_data/images/ace-x-cosmic-cool-mint_77824477888838.jpg
ACE,ACE EUCALYPTUS 16MG,https://snusmart.com/products/ace-eucalyptus,,"ACE, MEDIUM, MINT",Default Title,5707294250832,4.09,/home/ubuntu/snusmart_data/images/ace-eucalyptus_77824391250246.jpg
ACE,ACE COOL MINT 12MG,https://snusmart.com/products/ace-cool-mint,,"ACE, MEDIUM, MINT",Default Title,5707294391733,4.09,/home/ubuntu/snusmart_data/images/ace-cool-mint_77824533987654.jpg
ACE,ACE X GUARANA CHILI BOOST 16MG,https://snusmart.com/products/ace-x-guarana-chili-boost,54.99,"ACE, CHILI, EXOTIC FRUITS, MEDIUM",Default Title,5707294351812,4.09,/home/ubuntu/snusmart_data/images/ace-x-guarana-chili-boost_77824443547974.jpg
ACE,ACE X COOL MINT 16MG,https://snusmart.com/products/ace-x-cool-mint,,"ACE, MEDIUM, MINT",Default Title,5707294351331,4.09,/home/ubuntu/snusmart_data/images/ace-x-cool-mint_77824509247814.jpg
ACE,ACE X BLACK RASPBERRY CHILI 16MG,https://snusmart.com/products/ace-x-black-raspberry-chili,,"ACE, CHILI, FRUIT, MEDIUM, MINT, RASPBERRY",Default Title,5707294359900,4.09,/home/ubuntu/snusmart_data/images/ace-x-black-raspberry-chili_77824362316102.jpg
ATHENA,ATHENA WATERMELON ICE 10.4MG,https://snusmart.com/products/athena-watermelon-ice-10-4mg,,,Default Title,6295156220264,3.79,/home/ubuntu/snusmart_data/images/athena-watermelon-ice-10-4mg_80667043692870.jpg
ATHENA,ATHENA ARTIC MINT 10.4MG,https://snusmart.com/products/athena-artic-mint-10-4mg,,,Default Title,6295156220288,3.79,/home/ubuntu/snusmart_data/images/athena-artic-mint-10-4mg_80667043365190.jpg
ATHENA,ATHENA ARTIC MINT 17MG,https://snusmart.com/products/athena-artic-mint-17mg,,,Default Title,6295156220271,3.79,/home/ubuntu/snusmart_data/images/athena-artic-mint-17mg_80667043168582.jpg
ATHENA,ATHENA PEPPERMINT 10.4MG,https://snusmart.com/products/athena-peppermint-10-4mg,,,Default Title,6295156220257,3.79,/home/ubuntu/snusmart_data/images/athena-peppermint-10-4mg_80667043004742.jpg
ATHENA,ATHENA PEPPERMINT 17MG,https://snusmart.com/products/athena-peppermint-17mg,,,Default Title,6298042567399,3.79,/home/ubuntu/snusmart_data/images/athena-peppermint-17mg_80667042742598.jpg
BEZZER,BEZZER WATERMELON 50MG,https://snusmart.com/products/bezzer-watermelon-50mg,,WATERMELON,Default Title,5900178958248,3.79,/home/ubuntu/snusmart_data/images/bezzer-watermelon-50mg_80233193406790.jpg
BEZZER,BEZZER WATERMELON 20MG,https://snusmart.com/products/bezzer-watermelon-20mg,,WATERMELON,Default Title,5900178958231,3.79,/home/ubuntu/snusmart_data/images/bezzer-watermelon-20mg_80233191178566.jpg
BEZZER,BEZZER MIXED BERRIES 20MG,https://snusmart.com/products/bezzer-mixed-berries-20mg,,,Default Title,5900178958323,3.79,/home/ubuntu/snusmart_data/images/bezzer-mixed-berries-20mg_80233096380742.jpg
BEZZER,BEZZER STRAWBERRY 20MG,https://snusmart.com/products/bezzer-strawberry-20mg,,STRAWBERRY,Default Title,5900178958262,3.79,/home/ubuntu/snusmart_data/images/bezzer-strawberry-20mg_80233184100678.jpg
BEZZER,BEZZER COLA 20MG,https://snusmart.com/products/bezzer-cola-20mg,,COLA,Default Title,5900178958200,3.79,/home/ubuntu/snusmart_data/images/bezzer-cola-20mg_80233136816454.jpg
BEZZER,BEZZER MIXED BERRIES 50MG,https://snusmart.com/products/bezzer-mixed-berries-50mg,,,Default Title,5900178958330,3.79,/home/ubuntu/snusmart_data/images/bezzer-mixed-berries-50mg_80233109782854.jpg
BEZZER,BEZZER STRAWBERRY 50MG,https://snusmart.com/products/bezzer-strawberry-50mg,,STRAWBERRY,Default Title,5900178958279,3.79,/home/ubuntu/snusmart_data/images/bezzer-strawberry-50mg_80233186001222.jpg
BEZZER,BEZZER SPEARMINT 20MG,https://snusmart.com/products/bezzer-spearmint-20mg,,,Default Title,5900178958149,3.79,/home/ubuntu/snusmart_data/images/bezzer-spearmint-20mg_80233168666950.jpg
BEZZER,BEZZER BLUEBERRY 20MG,https://snusmart.com/products/bezzer-blueberry-20mg,,,Default Title,5900178958293,3.79,/home/ubuntu/snusmart_data/images/bezzer-blueberry-20mg_80233125970246.jpg
BEZZER,BEZZER MINT 20MG,https://snusmart.com/products/bezzer-mint-20mg,,,Default Title,5900178958170,3.79,/home/ubuntu/snusmart_data/images/bezzer-mint-20mg_80233149989190.jpg
BEZZER,BEZZER WATERMELON 10MG,https://snusmart.com/products/bezzer-watermelon-10mg,,WATERMELON,Default Title,5900178958224,3.79,/home/ubuntu/snusmart_data/images/bezzer-watermelon-10mg_80233189114182.jpg
BEZZER,BEZZER SPEARMINT 50MG,https://snusmart.com/products/bezzer-spearmint-50mg,,,Default Title,5900178958156,3.79,/home/ubuntu/snusmart_data/images/bezzer-spearmint-50mg_80233172238662.jpg
BEZZER,BEZZER COLA 50MG,https://snusmart.com/products/bezzer-cola-50mg,,COLA,Default Title,5900178958217,3.79,/home/ubuntu/snusmart_data/images/bezzer-cola-50mg_80233143271750.jpg
BEZZER,BEZZER BLUEBERRY 10MG,https://snusmart.com/products/bezzer-blueberry-10mg,,,Default Title,5900178958286,3.79,/home/ubuntu/snusmart_data/images/bezzer-blueberry-10mg_80233122038086.jpg
BEZZER,BEZZER MIXED BERRIES 10MG,https://snusmart.com/products/bezzer-mixed-berries-10mg,,,Default Title,5900178958316,3.79,/home/ubuntu/snusmart_data/images/bezzer-mixed-berries-10mg_80233089958214.jpg
BEZZER,BEZZER MINT 50MG,https://snusmart.com/products/bezzer-mint-50mg,,,Default Title,5900178958187,3.79,/home/ubuntu/snusmart_data/images/bezzer-mint-50mg_80233150972230.jpg
BEZZER,BEZZER BLUEBERRY 50MG,https://snusmart.com/products/bezzer-blueberry-50mg,,,Default Title,5900178958309,3.79,/home/ubuntu/snusmart_data/images/bezzer-blueberry-50mg_80233128329542.jpg
BEZZER,BEZZER STRAWBERRY 10MG,https://snusmart.com/products/bezzer-strawberry-10mg,,STRAWBERRY,Default Title,5900178958255,3.79,/home/ubuntu/snusmart_data/images/bezzer-strawberry-10mg_80233177055558.jpg
BEZZER,BEZZER COLA 10MG,https://snusmart.com/products/bezzer-cola-10mg,,COLA,Default Title,5900178958194,3.79,/home/ubuntu/snusmart_data/images/bezzer-cola-10mg_80233132163398.jpg
BEZZER,BEZZER MINT 10MG,https://snusmart.com/products/bezzer-mint-10mg,,,Default Title,5900178958163,3.79,/home/ubuntu/snusmart_data/images/bezzer-mint-10mg_80233147728198.jpg
BEZZER,BEZZER SPEARMINT 10MG,https://snusmart.com/products/bezzer-spearmint-10mg,,,Default Title,5900178958132,3.79,/home/ubuntu/snusmart_data/images/bezzer-spearmint-10mg_80233153724742.jpg
CAMO,CAMO CHERRY COLA LIME 16MG,https://snusmart.com/products/camo-cherry-cola-lime,,"cherry, COLA, LIME",Default Title,4779056491044,3.19,/home/ubuntu/snusmart_data/images/camo-cherry-cola-lime_78427786608966.jpg
CAMO,CAMO BUBBLE GUM STRONG 16MG,https://snusmart.com/products/camo-bubble-gum-strong,,"BUBBLEGUM, MEDIUM",Default Title,4779056490627,3.19,/home/ubuntu/snusmart_data/images/camo-bubble-gum-strong_78428013625670.jpg
CAMO,CAMO ENERGY BUBBLEGUM,https://snusmart.com/products/camo-energy-bubblegum,,NICOTINE FREE,Default Title,4779056490658,3.19,/home/ubuntu/snusmart_data/images/camo-energy-bubblegum_78427801289030.jpg
CAMO,CAMO ICE COLD MINT STRONG 16MG,https://snusmart.com/products/camo-ice-cold-mint-strong,,,Default Title,4779056490535,3.19,/home/ubuntu/snusmart_data/images/camo-ice-cold-mint-strong_78427954676038.jpg
CAMO,CAMO ENERGY VANILLA COFFEE,https://snusmart.com/products/camo-vanilla-coffee,,NICOTINE FREE,Default Title,4779056490665,3.19,/home/ubuntu/snusmart_data/images/camo-vanilla-coffee_78427830518086.jpg
CAMO,CAMO WILD MINT STRONG 16MG,https://snusmart.com/products/camo-wild-mint-strong,,,Default Title,4779056490474,3.19,/home/ubuntu/snusmart_data/images/camo-wild-mint-strong_78427880784198.jpg
CAMO,CAMO GREEN APPLE X-STRONG 33.5MG,https://snusmart.com/products/camo-green-apple-x-strong,,APPLE,Default Title,4779056490603,3.19,/home/ubuntu/snusmart_data/images/camo-green-apple-x-strong_78427969093958.jpg
CAMO,CAMO BUBBLE GUM X-STRONG 33.5MG,https://snusmart.com/products/camo-bubble-gum-x-strong,,"BUBBLEGUM, STRONG",Default Title,4779056490634,3.19,/home/ubuntu/snusmart_data/images/camo-bubble-gum-x-strong_78427994423622.jpg
CAMO,CAMO SPICY CITRUS STRONG 16MG,https://snusmart.com/products/camo-spicy-citrus-strong,,,Default Title,4779056490566,3.19,/home/ubuntu/snusmart_data/images/camo-spicy-citrus-strong_78427763933510.jpg
CAMO,CAMO ICE COLD MINT X-STRONG 33.5MG,https://snusmart.com/products/camo-ice-cold-mint-x-strong,,,Default Title,4779056490542,3.19,/home/ubuntu/snusmart_data/images/camo-ice-cold-mint-x-strong_78427941339462.jpg
CAMO,CAMO ENERGY ICED MOCHA,https://snusmart.com/products/camo-energy-iced-mocha,,NICOTINE FREE,Default Title,4779056490672,3.19,/home/ubuntu/snusmart_data/images/camo-energy-iced-mocha_78427820228934.jpg
CAMO,CAMO SPICY CITRUS X-STRONG 33.5MG,https://snusmart.com/products/camo-spicy-citrus-x-strong,,,Default Title,4779056490573,3.19,/home/ubuntu/snusmart_data/images/camo-spicy-citrus-x-strong_78428033057094.jpg
CAMO,CAMO PEPPERMINT STRONG 16MG,https://snusmart.com/products/camo-peppermint-strong,,,Default Title,4779056490504,3.19,/home/ubuntu/snusmart_data/images/camo-peppermint-strong_78427920236870.jpg
CAMO,CAMO ENERGY CREAMY LATTE,https://snusmart.com/products/camo-energy-creamy-latte,,NICOTINE FREE,Default Title,4779056491167,3.19,/home/ubuntu/snusmart_data/images/camo-energy-creamy-latte_78427866628422.jpg
CAMO,CAMO WILD MINT X-STRONG 33.5MG,https://snusmart.com/products/camo-wild-mint-x-strong,,,Default Title,4779056490481,3.19,/home/ubuntu/snusmart_data/images/camo-wild-mint-x-strong_78427733721414.jpg
CAMO,CAMO PEPPERMINT X-STRONG 33.5MG,https://snusmart.com/products/camo-peppermint-x-strong,,,Default Title,4779056490511,3.19,/home/ubuntu/snusmart_data/images/camo-peppermint-x-strong_78427901428038.jpg
CAMO,CAMO GRAPE LIMITED EDITION,https://snusmart.com/products/camo-grape-limited-edition,,,Default Title,4779056490313,3.19,/home/ubuntu/snusmart_data/images/camo-grape-limited-edition_81886278615366.jpg
CAMO,CAMO MANGO MELON BERRIES LIMITED EDITION,https://snusmart.com/products/camo-mango-melon-berries-limited-edition,,,Default Title,4779056490436,3.19,/home/ubuntu/snusmart_data/images/camo-mango-melon-berries-limited-edition_81885933797702.jpg
CAMO,CAMO GREEN APPLE STRONG 16MG,https://snusmart.com/products/camo-green-apple-strong,,APPLE,Default Title,4779056490597,3.19,/home/ubuntu/snusmart_data/images/camo-green-apple-strong_78427983020358.jpg
CLEW,CLEW Blueberry 20mg,https://snusmart.com/products/clew-blueberry-20mg,,"BERRIES, BLUEBERRY, STRONG",Default Title,8906181780668,3.69,/home/ubuntu/snusmart_data/images/clew-blueberry-20mg_77537995358534.jpg
CLEW,CLEW Watermelon 20mg,https://snusmart.com/products/clew-watermelon-20mg,,"STRONG, WATERMELON",Default Title,8906181780361,3.69,/home/ubuntu/snusmart_data/images/clew-watermelon-20mg_77538013315398.jpg
CLEW,CLEW Cool Mint 20mg,https://snusmart.com/products/clew-cool-mint-20mg,,"MINT, STRONG",Default Title,8906181780453,3.69,/home/ubuntu/snusmart_data/images/clew-cool-mint-20mg_77800548270406.jpg
CLEW,CLEW Blueberry 10mg,https://snusmart.com/products/clew-blueberry-10mg,,"BERRIES, BLUEBERRY, MEDIUM",Default Title,8906181780644,3.69,/home/ubuntu/snusmart_data/images/clew-blueberry-10mg_77800557084998.jpg
CLEW,CLEW Menthol 20mg,https://snusmart.com/products/clew-menthol-20mg,,"MINT, STRONG",Default Title,8906181782549,3.69,/home/ubuntu/snusmart_data/images/clew-menthol-20mg_77800533721414.jpg
CLEW,CLEW Cool Mint 10mg,https://snusmart.com/products/clew-cool-mint-10mg,,"MEDIUM, MINT",Default Title,8906181780439,3.69,/home/ubuntu/snusmart_data/images/clew-cool-mint-10mg_77537934934342.jpg
CLEW,CLEW Wintergreen 10mg,https://snusmart.com/products/clew-wintergreen-10mg,,"MEDIUM, MINT",Default Title,8906181782556,3.69,/home/ubuntu/snusmart_data/images/clew-wintergreen-10mg_77800516911430.jpg
CLEW,CLEW Menthol 10mg,https://snusmart.com/products/clew-menthol-10mg,,"MEDIUM, MINT",Default Title,8906181782525,3.69,/home/ubuntu/snusmart_data/images/clew-menthol-10mg_77537886568774.jpg
CLEW,CLEW Spearmint 10mg,https://snusmart.com/products/clew-spearmint-10mg,,"MEDIUM, MINT",Default Title,8906181780316,3.69,/home/ubuntu/snusmart_data/images/clew-spearmint-10mg_77537826898246.jpg
CLEW,CLEW Watermelon 10mg,https://snusmart.com/products/clew-watermelon-10mg,,"MEDIUM, WATERMELON",Default Title,8906181780347,3.69,/home/ubuntu/snusmart_data/images/clew-watermelon-10mg_77537789247814.jpg
CLEW,CLEW Wintergreen 20mg,https://snusmart.com/products/clew-wintergreen-20mg,,"MINT, STRONG",Default Title,8906181782570,3.69,/home/ubuntu/snusmart_data/images/clew-wintergreen-20mg_77537944404294.jpg
CLEW,CLEW Spearmint 20mg,https://snusmart.com/products/clew-spearmint-20mg,,"MINT, STRONG",Default Title,8906181780330,3.69,/home/ubuntu/snusmart_data/images/clew-spearmint-20mg_77800507736390.jpg
CUBA,CUBA BLACK COLA 66MG,https://snusmart.com/products/cuba-black-cola,,"COLA, EXTREMELY STRONG",Default Title,5904717759419,3.79,/home/ubuntu/snusmart_data/images/cuba-black-cola_77537338163526.jpg
CUBA,CUBA BLACK CHERRY 66MG,https://snusmart.com/products/cuba-black-cherry,,"BERRIES, cherry, EXTREMELY STRONG, FRUITS",Default Title,5904316128197,3.79,/home/ubuntu/snusmart_data/images/cuba-black-cherry_77537469563206.jpg
CUBA,CUBA NINJA ENERGY 30MG,https://snusmart.com/products/cuba-ninja-energy,,"ENERYDRINK, STRONG",Default Title,5904717759112,3.69,/home/ubuntu/snusmart_data/images/cuba-ninja-energy_77536220021062.jpg
CUBA,CUBA BLACK APPLE JUICE 66MG,https://snusmart.com/products/cuba-black-apple-juice,,"APPLE, EXTREMELY STRONG",Default Title,5905753347448,3.79,/home/ubuntu/snusmart_data/images/cuba-black-apple-juice_77537199882566.jpg
CUBA,CUBA BLACK PEACH 66MG,https://snusmart.com/products/cuba-black-peach,,"EXTREMELY STRONG, FRUITS",Default Title,5905753347240,3.79,/home/ubuntu/snusmart_data/images/cuba-black-peach_77535990579526.jpg
CUBA,CUBA BLACK FOREST BERRIES 66MG,https://snusmart.com/products/cuba-black-forest-berries,,"BERRIES, EXTREMELY STRONG",Default Title,5904717759457,3.79,/home/ubuntu/snusmart_data/images/cuba-black-forest-berries_77537268105542.jpg
CUBA,CUBA BLACK GRAPE 66MG,https://snusmart.com/products/cuba-black-grape,,"EXTREMELY STRONG, GRAPE",Default Title,5905753347493,3.79,/home/ubuntu/snusmart_data/images/cuba-black-grape_77537112228166.jpg
CUBA,CUBA BLACK PINEAPPLE 66MG,https://snusmart.com/products/cuba-black-pineapple,,"EXTREMELY STRONG, PINEAPPLE",Default Title,5904717759006,3.79,/home/ubuntu/snusmart_data/images/cuba-black-pineapple_77537393475910.jpg
CUBA,CUBA NINJA COCONUT 30MG,https://snusmart.com/products/cuba-ninja-coconut,,"COCONUT, FRUITS, STRONG",Default Title,5904717759600,3.69,/home/ubuntu/snusmart_data/images/cuba-ninja-coconut_77536111755590.jpg
CUBA,CUBA NINJA BUBBLE GUM 30MG,https://snusmart.com/products/cuba-ninja-bubble-gum,,"BUBBLEGUM, STRONG",Default Title,5904717759099,3.69,/home/ubuntu/snusmart_data/images/cuba-ninja-bubble-gum_77536161169734.jpg
CUBA,CUBA WHITE PEACH 16MG,https://snusmart.com/products/cuba-white-peach,,"FRUITS, MEDIUM",Default Title,5905753347219,3.69,/home/ubuntu/snusmart_data/images/cuba-white-peach_77537051312454.jpg
CUBA,CUBA NINJA STRAWBERRY 30MG,https://snusmart.com/products/cuba-ninja-strawberry,,"BERRIES, STRAWBERRY, STRONG",Default Title,5904717759631,3.69,/home/ubuntu/snusmart_data/images/cuba-ninja-strawberry_77536079053126.jpg
CUBA,CUBA WHITE FOREST BERRIES 16MG,https://snusmart.com/products/cuba-white-forest-berries,,"BERRIES, MEDIUM",Default Title,5904717759518,3.69,/home/ubuntu/snusmart_data/images/cuba-white-forest-berries_77536365871430.jpg
CUBA,CUBA NINJA ORANGE 30MG,https://snusmart.com/products/cuba-ninja-orange,,"orange, STRONG",Default Title,5904717759648,3.69,/home/ubuntu/snusmart_data/images/cuba-ninja-orange_77536131383622.jpg
CUBA,CUBA WHITE APPLE JUICE 16MG,https://snusmart.com/products/cuba-white-apple-juice,,"APPLE, MEDIUM",Default Title,5905753347455,3.69,/home/ubuntu/snusmart_data/images/cuba-white-apple-juice_77536333955398.jpg
CUBA,CUBA BLACK COLD DRY 66MG,https://snusmart.com/products/cuba-black-cold-dry,,"EXTREMELY STRONG, MINT",Default Title,5905753347479,3.79,/home/ubuntu/snusmart_data/images/cuba-black-cold-dry_77537130545478.jpg
CUBA,CUBA WHITE PINEAPPLE 16MG,https://snusmart.com/products/cuba-white-pineapple,,"MEDIUM, PINEAPPLE",Default Title,5904717759037,3.69,/home/ubuntu/snusmart_data/images/cuba-white-pineapple_77536536887622.jpg
CUBA,CUBA WHITE COLA 16MG,https://snusmart.com/products/cuba-white-cola,,"COLA, MEDIUM",Default Title,5904717759471,3.69,/home/ubuntu/snusmart_data/images/cuba-white-cola_77536490324294.jpg
CUBA,CUBA NINJA MINT FRESH 30MG,https://snusmart.com/products/cuba-ninja-mint-fresh,,"MINT, STRONG",Default Title,5904717759624,3.69,/home/ubuntu/snusmart_data/images/cuba-ninja-mint-fresh_77536044712262.jpg
CUBA,CUBA WHITE BANANA HIT 16MG,https://snusmart.com/products/cuba-white-banana-hit,,"BANANA, EXTREMELY STRONG",Default Title,5905753347226,3.69,/home/ubuntu/snusmart_data/images/cuba-white-banana-hit_77537098498374.jpg
CUBA,CUBA WHITE WATERMELON 16MG,https://snusmart.com/products/cuba-white-watermelon,,"MEDIUM, WATERMELON",Default Title,5904717759501,3.69,/home/ubuntu/snusmart_data/images/cuba-white-watermelon_77536510345542.jpg
CUBA,CUBA WHITE GRAPE 16MG,https://snusmart.com/products/cuba-white-grape,,"GRAPE, MEDIUM",Default Title,5905753347486,3.69,/home/ubuntu/snusmart_data/images/cuba-white-grape_77536271794502.jpg
CUBA,CUBA NINJA ICE COOL 16MG,https://snusmart.com/products/cuba-ninja-ice-cool,,"MEDIUM, MINT",Default Title,5904717759129,3.69,/home/ubuntu/snusmart_data/images/cuba-ninja-ice-cool_77536255050054.jpg
CUBA,CUBA WHITE BLUEBERRY 16MG,https://snusmart.com/products/cuba-white-blueberry,,"BERRIES, BLUEBERRY, MEDIUM",Default Title,5904717759013,3.69,/home/ubuntu/snusmart_data/images/cuba-white-blueberry_77536554418502.jpg
CUBA,CUBA WHITE ICE SPEARMINT 16MG,https://snusmart.com/products/cuba-white-ice-spearmint,,"MEDIUM, MINT",Default Title,5904717759488,3.69,/home/ubuntu/snusmart_data/images/cuba-white-ice-spearmint_77536457720134.jpg
CUBA,CUBA BLACK LOLLIPOP 66MG,https://snusmart.com/products/cuba-black-lollipop-43mg,,"CANDY, cuba, EXTRA STRONG",Default Title,5905753347882,3.79,/home/ubuntu/snusmart_data/images/cuba-black-lollipop-43mg_80706147025222.jpg
CUBA,CUBA WHITE DOUBLE FRESH 16MG,https://snusmart.com/products/cuba-white-double-fresh,,"MEDIUM, MINT",Default Title,5904316128135,3.69,/home/ubuntu/snusmart_data/images/cuba-white-double-fresh_77537009631558.jpg
CUBA,CUBA WHITE BLACK CURRANT 16MG,https://snusmart.com/products/cuba-white-black-currant,,"BERRIES, MEDIUM",Default Title,5905753347202,3.69,/home/ubuntu/snusmart_data/images/cuba-white-black-currant_77537022968134.jpg
CUBA,CUBA BLACK TROPICAL FRUIT 66MG,https://snusmart.com/products/cuba-black-tropical-fruit-43mg,,"cuba, EXTRA STRONG, TROPICAL FRUIT",Default Title,5905753347875,3.79,/home/ubuntu/snusmart_data/images/cuba-black-tropical-fruit-43mg_80706146861382.jpg
CUBA,CUBA BLACK RASPBERRY 66MG,https://snusmart.com/products/cuba-black-raspberry-43mg,,"cuba, EXTRA STRONG, RASPBERRY",Default Title,5905753347905,3.79,/home/ubuntu/snusmart_data/images/cuba-black-raspberry-43mg_80706146926918.jpg
CUBA,CUBA BLACK MANGO 66MG,https://snusmart.com/products/cuba-black-mango-43mg,,"cuba, EXTRA STRONG, MANGO",Default Title,5905753347868,3.79,/home/ubuntu/snusmart_data/images/cuba-black-mango-43mg_80706146763078.jpg
CUBA,CUBA WHITE COLD DRY 16MG,https://snusmart.com/products/cuba-white-cold-dry,,"MEDIUM, MINT",Default Title,5905753347462,3.69,/home/ubuntu/snusmart_data/images/cuba-white-cold-dry_77536297943366.jpg
CUBA,CUBA BLACK BLACKBERRY 66MG,https://snusmart.com/products/cuba-black-blackberry-43mg,,"BLACKBERRY, cuba, EXTRA STRONG",Default Title,5905753347899,3.79,/home/ubuntu/snusmart_data/images/cuba-black-blackberry-43mg_80706146992454.jpg
CUBA,CUBA WHITE LOLLIPOP 16MG,https://snusmart.com/products/cuba-white-lollipop-10-4mg,,"CANDY, cuba, MEDIUM",Default Title,5905753347837,3.69,/home/ubuntu/snusmart_data/images/cuba-white-lollipop-10-4mg_80706147877190.jpg
CUBA,CUBA WHITE TROPICAL FRUIT 16MG,https://snusmart.com/products/cuba-white-tropical-fruit-10-4mg,,"cuba, MEDIUM, TROPICAL FRUIT",Default Title,5905753347820,3.69,/home/ubuntu/snusmart_data/images/cuba-white-tropical-fruit-10-4mg_80706147320134.jpg
CUBA,CUBA WHITE RASPBERRY 16MG,https://snusmart.com/products/cuba-white-raspberry-10-4mg,,"cuba, MEDIUM, RASPBERRY",Default Title,5905753347851,3.69,/home/ubuntu/snusmart_data/images/cuba-white-raspberry-10-4mg_80706147549510.jpg
CUBA,CUBA WHITE MANGO 16MG,https://snusmart.com/products/cuba-white-mango-10-4mg,,"cuba, MANGO, MEDIUM",Default Title,5905753347813,3.69,/home/ubuntu/snusmart_data/images/cuba-white-mango-10-4mg_80706147189062.jpg
CUBA,CUBA WHITE BLACKBERRY 16MG,https://snusmart.com/products/cuba-white-blackberry-10-4mg,,"BLACKBERRY, cuba, MEDIUM",Default Title,5905753347844,3.69,/home/ubuntu/snusmart_data/images/cuba-white-blackberry-10-4mg_80706147713350.jpg
CUBA,CUBA BLACK WATERMELON 66MG,https://snusmart.com/products/cuba-black-watermelon,,"EXTREMELY STRONG, WATERMELON",Default Title,5904717759440,3.79,/home/ubuntu/snusmart_data/images/cuba-black-watermelon_77537353171270.jpg
CUBA,CUBA BLACK BANANA HIT 66MG,https://snusmart.com/products/cuba-black-banana-hit,,"BANANA, EXTREMELY STRONG",Default Title,5905753347257,3.79,/home/ubuntu/snusmart_data/images/cuba-black-banana-hit_77537598964038.jpg
CUBA,CUBA WHITE CHERRY 16MG,https://snusmart.com/products/cuba-white-cherry,,"BERRIES, cherry, FRUITS, MEDIUM",Default Title,5904717759020,3.69,/home/ubuntu/snusmart_data/images/cuba-white-cherry_77536609501510.jpg
CUBA,CUBA BLACK BLUEBERRY 66MG,https://snusmart.com/products/cuba-black-blueberry,,"BERRIES, BLUEBERRY, EXTREMELY STRONG",Default Title,5904316128180,3.79,/home/ubuntu/snusmart_data/images/cuba-black-blueberry_77537431191878.jpg
CUBA,CUBA COCA LEAF 66MG,https://snusmart.com/products/cuba-coca-leaf,,EXTREMELY STRONG,Default Title,5904717759044,3.79,/home/ubuntu/snusmart_data/images/cuba-coca-leaf_77537223999814.jpg
CUBA,CUBA BLACK DOUBLE FRESH 66MG,https://snusmart.com/products/cuba-black-double-fresh,,"EXTREMELY STRONG, MINT",Default Title,5904316128128,3.79,/home/ubuntu/snusmart_data/images/cuba-black-double-fresh_77537533100358.jpg
CUBA,CUBA BLACK ICE SPEARMINT 66MG,https://snusmart.com/products/cuba-black-ice-spearmint,,"EXTREMELY STRONG, MINT",Default Title,5904717759426,3.79,/home/ubuntu/snusmart_data/images/cuba-black-ice-spearmint_77537320075590.jpg
CUBA,CUBA BLACK BLACK CURRANT 66MG,https://snusmart.com/products/cuba-black-black-currant,,"BERRIES, EXTREMELY STRONG",Default Title,5905753347233,3.79,/home/ubuntu/snusmart_data/images/cuba-black-black-currant_77537589395782.jpg
GARANT,GARANT EXTREME FREEZE 70MG,https://snusmart.com/products/garant-extreme-freeze,,"EXTREMELY STRONG, MINT",Default Title,4779049511605,3.79,/home/ubuntu/snusmart_data/images/garant-extreme-freeze_77483079598406.jpg
GARANT,GARANT EXTREME EDITION ICE PEACH 50MG,https://snusmart.com/products/garant-extreme-edition-ice-peach,,"EXTRA STRONG, FRUITS",Default Title,4779049511810,3.79,/home/ubuntu/snusmart_data/images/garant-extreme-edition-ice-peach_77483260674374.jpg
GARANT,GARANT EXTREME EDITION CHERRY 50MG,https://snusmart.com/products/garant-extreme-edition-cherry,,"BERRIES, cherry, EXTRA STRONG",Default Title,4779049511902,3.79,/home/ubuntu/snusmart_data/images/garant-extreme-edition-cherry_77483205591366.jpg
GARANT,GARANT EXTREME EDITION ICE BLUEBERRY 50MG,https://snusmart.com/products/garant-extreme-edition-ice-blueberry,,"BERRIES, BLUEBERRY, EXTRA STRONG",Default Title,4779049511841,3.79,/home/ubuntu/snusmart_data/images/garant-extreme-edition-ice-blueberry_77483172036934.jpg
GARANT,GARANT ICE COOL  35MG,https://snusmart.com/products/garant-ice-cool,,"EXTRA STRONG, MINT",Default Title,4779049511575,3.79,/home/ubuntu/snusmart_data/images/garant-ice-cool_77483305533766.jpg
GARANT,GARANT EXTREME  50MG,https://snusmart.com/products/garant-extreme,,"EXTRA STRONG, MINT",Default Title,4779049511636,3.79,/home/ubuntu/snusmart_data/images/garant-extreme_77483342299462.jpg
GARANT,GARANT ICE COOL MINI 35MG,https://snusmart.com/products/garant-ice-cool-mini,,,Default Title,4779049517737,3.79,/home/ubuntu/snusmart_data/images/garant-ice-cool-mini_78989780615494.jpg
GARANT,GARANT EXTREME CHERRY MINI 50MG,https://snusmart.com/products/garant-extreme-cherry-mini,,cherry,Default Title,4779049517553,3.79,/home/ubuntu/snusmart_data/images/garant-extreme-cherry-mini_78989803028806.jpg
GLITCH,GLITCH FROZEN CHERRY COLA 16MG,https://snusmart.com/products/glitch-frozen-cherry-cola,,"cherry, MEDIUM",Default Title,752794998987,3.89,/home/ubuntu/snusmart_data/images/glitch-frozen-cherry-cola_75525942509894.jpg
GLITCH,GLITCH BLUEBERRY ICE 16MG,https://snusmart.com/products/glitch-blueberry-ice,,MEDIUM,Default Title,5740031402101,3.89,/home/ubuntu/snusmart_data/images/glitch-blueberry-ice_75525949063494.jpg
GLITCH,GLITCH COOL ICE 16MG,https://snusmart.com/products/glitch-cool-ice,,MEDIUM,Default Title,5740031402132,3.89,/home/ubuntu/snusmart_data/images/glitch-cool-ice_75525954371910.jpg
GLITCH,GLITCH FROSTED MINT 16MG,https://snusmart.com/products/glitch-frosted-mint,,MEDIUM,Default Title,5740031402163,3.89,/home/ubuntu/snusmart_data/images/glitch-frosted-mint_75525960433990.jpg
GLITCH,GLITCH KIWI 16MG,https://snusmart.com/products/glitch-kiwi-16mg,,,Default Title,5740031411516,3.89,/home/ubuntu/snusmart_data/images/glitch-kiwi-16mg_81798340444486.jpg
GLITCH,GLITCH MANGO 16MG,https://snusmart.com/products/glitch-mango-16mg,,,Default Title,5740031411479,3.89,/home/ubuntu/snusmart_data/images/glitch-mango-16mg_81798339658054.jpg
GREATEST,GREATEST ARCTIC EDITION 9.96MG,https://snusmart.com/products/greatest-artic-edition,,"greatest, MEDIUM, MINT",Default Title,6429811342095,3.69,/home/ubuntu/snusmart_data/images/greatest-artic-edition_79320086774086.jpg
GREATEST,GREATEST COLD DRY 16MG,https://snusmart.com/products/greatest-cold-dry,,"greatest, MEDIUM, MINT",Default Title,4745010374593,3.69,/home/ubuntu/snusmart_data/images/greatest-cold-dry_77826304475462.jpg
GREATEST,GREATEST COLD DRY 8MG,https://snusmart.com/products/greatest-cold-dry-8mg,,"greatest, MINT, WEAK",Default Title,6429811342064,3.69,/home/ubuntu/snusmart_data/images/greatest-cold-dry-8mg_73742684553542.jpg; /home/ubuntu/snusmart_data/images/greatest-cold-dry-8mg_73742672003398.jpg
GREATEST,GREATEST COLD DRY XL 13.32MG,https://snusmart.com/products/greatest-cold-dry-xl,,"greatest, MEDIUM, MINT",Default Title,6429811342392,3.89,/home/ubuntu/snusmart_data/images/greatest-cold-dry-xl_77482967925062.jpg
GREATEST,GREATEST MEGA CAN 16MG,https://snusmart.com/products/greatest-mega-can,,"greatest, MEDIUM, MINT",Default Title,6429811342385,29.90,/home/ubuntu/snusmart_data/images/greatest-mega-can_74497149862214.jpg
GREATEST,GREATEST RAGE LEMONADE 10MG,https://snusmart.com/products/greatest-rage-lemonade-10mg,,"greatest, MEDIUM, MINT",Default Title,6429811342804,3.69,/home/ubuntu/snusmart_data/images/greatest-rage-lemonade-10mg_80094699848006.jpg
ICE,"ICE FREEZE REAPER 4P - 16,5MG",https://snusmart.com/products/ice-freeze-reaper-4p-16-5mg,,,Default Title,5694230730353,3.49,/home/ubuntu/snusmart_data/images/ice-freeze-reaper-4p-16-5mg_80285409902918.jpg
ICE,ICE GRAPE X 6P - 38MG,https://snusmart.com/products/ice-grape-x-6p-38mg,,"GRAPE, STRONG",Default Title,5694230730414,3.49,/home/ubuntu/snusmart_data/images/ice-grape-x-6p-38mg_80285410459974.jpg
ICE,"ICE COLA SLUSH 4P - 16,5MG",https://snusmart.com/products/ice-cola-slush-4p-16-5mg,,COLA,Default Title,5694230730322,3.49,/home/ubuntu/snusmart_data/images/ice-cola-slush-4p-16-5mg_80285409247558.jpg
ICE,ICE FREEZE X 6P - 38MG,https://snusmart.com/products/ice-freeze-x-6p-38mg,,,Default Title,5694230730407,3.49,/home/ubuntu/snusmart_data/images/ice-freeze-x-6p-38mg_80285410328902.jpg
ICE,"ICE JALAPEÑO LIME 4P - 16,5MG",https://snusmart.com/products/ice-jalapeno-lime-4p-16-5mg,,,Default Title,5694230730360,3.49,/home/ubuntu/snusmart_data/images/ice-jalapeno-lime-4p-16-5mg_80285410001222.jpg
ICE,"ICE COOL MINT 4P - 16,5MG",https://snusmart.com/products/ice-cool-mint-4p-16-5mg,,,Default Title,5694230730339,3.49,/home/ubuntu/snusmart_data/images/ice-cool-mint-4p-16-5mg_80285409509702.jpg
ICE,ICE FROST 5P - 22MG,https://snusmart.com/products/ice-frost-5p-22mg,,,Default Title,5694230730391,3.49,/home/ubuntu/snusmart_data/images/ice-frost-5p-22mg_80285410197830.jpg
ICE,ICE COOL MINT 2P - 12MG,https://snusmart.com/products/ice-cool-mint-2p-12mg,,,Default Title,5694230730315,3.49,/home/ubuntu/snusmart_data/images/ice-cool-mint-2p-12mg_80285409018182.jpg
ICE,"ICE REAPER XL 5P - 16,5MG",https://snusmart.com/products/ice-reaper-xl-5p-16-5mg,,,Default Title,5694230730377,3.49,/home/ubuntu/snusmart_data/images/ice-reaper-xl-5p-16-5mg_80285410066758.jpg
ICE,ICE FREEZE 5P - 22MG,https://snusmart.com/products/ice-freeze-5p-22mg,,,Default Title,5694230730384,3.49,/home/ubuntu/snusmart_data/images/ice-freeze-5p-22mg_80285410132294.jpg
ICE,"ICE FREEZE 4P - 16,5MG",https://snusmart.com/products/ice-freeze-4p-16-5mg,,,Default Title,5694230730346,3.49,/home/ubuntu/snusmart_data/images/ice-freeze-4p-16-5mg_80285409640774.jpg
ICE,ICE LEMON BERRY X 6P - 38MG,https://snusmart.com/products/ice-lemon-berry-x-6p-38mg,,,Default Title,5694230730681,3.49,/home/ubuntu/snusmart_data/images/ice-lemon-berry-x-6p-38mg_80285410591046.jpg
ICEBERG,ICEBERG CRAZY MIX 40MG,https://snusmart.com/products/iceberg-crazy-mix,,"EXTRA STRONG, ICEBERG, LIME",Default Title,4245342412128,3.79,/home/ubuntu/snusmart_data/images/iceberg-crazy-mix_55863489167686.jpg
ICEBERG,ICEBERG BLACK 40MG,https://snusmart.com/products/iceberg-black,,"EXOTIC FRUITS, EXTRA STRONG, ICEBERG",Default Title,4643481467922,3.79,/home/ubuntu/snusmart_data/images/iceberg-black_55863523705158.jpg
ICEBERG,ICEBERG STRAWBERRY BANANA GUM 40MG,https://snusmart.com/products/iceberg-strawberry-banana-gum,,"BANANA, BUBBLEGUM, EXTRA STRONG, ICEBERG, STRAWBERRY",Default Title,4750901238427,3.79,/home/ubuntu/snusmart_data/images/iceberg-strawberry-banana-gum_55863621747014.jpg
ICEBERG,ICEBERG COLA 40MG,https://snusmart.com/products/iceberg-coca-cola,,"COLA, EXTRA STRONG, ICEBERG",Default Title,4694980654825,3.79,/home/ubuntu/snusmart_data/images/iceberg-coca-cola_75341924630854.jpg
ICEBERG,ICEBERG WATERMELON MINT GUM 40MG,https://snusmart.com/products/iceberg-watermelon-mint-gum,,"BUBBLEGUM, EXTRA STRONG, ICEBERG, MINT, WATERMELON",Default Title,4751901249529,3.79,/home/ubuntu/snusmart_data/images/iceberg-watermelon-mint-gum_55863397056838.jpg
ICEBERG,ICEBERG DRAGONFIRE 40MG,https://snusmart.com/products/iceberg-dragonfire,,"EXOTIC FRUITS, EXTRA STRONG, FRUITS, ICEBERG",Default Title,4245342412111,3.79,/home/ubuntu/snusmart_data/images/iceberg-dragonfire_75341924892998.jpg
ICEBERG,ICEBERG BUBBLE GUM 50MG,https://snusmart.com/products/iceberg-bubble-gum,,"BUBBLEGUM, EXTRA STRONG, ICEBERG",Default Title,4698230422134,3.79,/home/ubuntu/snusmart_data/images/iceberg-bubble-gum_75341924991302.jpg
ICEBERG,ICEBERG GRAPE 40MG,https://snusmart.com/products/iceberg-grape,,"EXOTIC FRUITS, EXTRA STRONG, GRAPE, ICEBERG",Default Title,4603544001128,3.79,/home/ubuntu/snusmart_data/images/iceberg-grape_55863648190790.jpg
ICEBERG,ICEBERG ARASKA 40MG,https://snusmart.com/products/iceberg-araska,,"EXOTIC FRUITS, EXTRA STRONG, ICEBERG",Default Title,4653575732553,3.79,/home/ubuntu/snusmart_data/images/iceberg-araska_55863559946566.jpg
ICEBERG,ICEBERG STRAWBERRY MANGO GUM 40MG,https://snusmart.com/products/iceberg-strawberry-mango-gum,,"BUBBLEGUM, EXOTIC FRUITS, EXTRA STRONG, FRUITS, ICEBERG, MANGO, STRAWBERRY",Default Title,4751953249621,3.79,/home/ubuntu/snusmart_data/images/iceberg-strawberry-mango-gum_56441048105286.jpg
ICEBERG,ICEBERG BLUEBERRY (PIE CAN) 40MG,https://snusmart.com/products/iceberg-blueberry-pie,,,Default Title,3802334150812,5.19,/home/ubuntu/snusmart_data/images/iceberg-blueberry-pie_77886509842758.jpg
ICEBERG,ICEBERG APPLE (PIE CAN) 40MG,https://snusmart.com/products/iceberg-apple-pie,,APPLE,Default Title,3802334988118,5.19,/home/ubuntu/snusmart_data/images/iceberg-apple-pie_77886514692422.jpg
ICEBERG,ICEBERG RASPBERRY GUM 40MG,https://snusmart.com/products/iceberg-raspberry-gum,<!---->,"BERRIES, BUBBLEGUM, EXTRA STRONG, ICEBERG, RASPBERRY",Default Title,4750901248525,3.79,/home/ubuntu/snusmart_data/images/iceberg-raspberry-gum_55863458201926.jpg
ICEBERG,ICEBERG MELON PEACH 40MG,https://snusmart.com/products/iceberg-melon-peach,,"EXTRA STRONG, FRUITS, MELON",Default Title,4743664535346,3.79,/home/ubuntu/snusmart_data/images/iceberg-melon-peach_74574206632262.jpg
ICEBERG,ICEBERG CHERRY (PIE CAN) 40MG,https://snusmart.com/products/iceberg-cherry-pie,,cherry,Default Title,3802334689312,5.19,/home/ubuntu/snusmart_data/images/iceberg-cherry-pie_77886505255238.jpg
ICEBERG,ICEBERG WATERMELON LIME 40MG,https://snusmart.com/products/iceberg-watermelon-lime,,"EXTRA STRONG, FRUITS, LIME, WATERMELON",Default Title,4743664535216,3.79,/home/ubuntu/snusmart_data/images/iceberg-watermelon-lime_74574204338502.jpg
ICEBERG,ICEBERG WILD BERRIES 40MG,https://snusmart.com/products/iceberg-wild-berries,,"BERRIES, EXTRA STRONG, ICEBERG",Default Title,4694950654824,3.79,/home/ubuntu/snusmart_data/images/iceberg-wild-berries_55863427367238.jpg
ICEBERG,ICEBERG KEY LIME (PIE CAN) 40MG,https://snusmart.com/products/iceberg-key-lime-pie,,,Default Title,3802334965089,5.19,/home/ubuntu/snusmart_data/images/iceberg-key-lime-pie_77886507057478.jpg
ICEBERG,ICEBERG CHEESECAKE (PIE CAN) 40MG,https://snusmart.com/products/iceberg-cheesecake,,,Default Title,3802334124882,5.19,/home/ubuntu/snusmart_data/images/iceberg-cheesecake_77886508990790.jpg
ICEBERG,ICEBERG GRAPE GUM 40MG,https://snusmart.com/products/iceberg-grape-gum,,"BUBBLEGUM, EXTRA STRONG, GRAPE",Default Title,4751923249521,3.79,/home/ubuntu/snusmart_data/images/iceberg-grape-gum_74574206107974.jpg
ICEBERG,ICEBERG SWEET MINT 40MG,https://snusmart.com/products/iceberg-sweet-mint,,"EXTRA STRONG, MINT",Default Title,4530303784452,3.79,/home/ubuntu/snusmart_data/images/iceberg-sweet-mint_74574206402886.jpg
ICEBERG,ICEBERG BANOFFEE (PIE CAN) 40MG,https://snusmart.com/products/iceberg-banoffee,,,Default Title,3802334426290,5.19,/home/ubuntu/snusmart_data/images/iceberg-banoffee_77886504403270.jpg
ICEBERG,ICEBERG DRAGON FRUIT 40MG,https://snusmart.com/products/iceberg-dragon-fruit,,"DRAGON FRUIT, EXOTIC FRUITS, EXTRA STRONG, FRUITS, ICEBERG",Default Title,4923593782213,3.79,/home/ubuntu/snusmart_data/images/iceberg-dragon-fruit_56440939249990.jpg
ICEBERG,ICEBERG SOUR BERRIES 40MG,https://snusmart.com/products/iceberg-sour-berries,,"BERRIES, EXTRA STRONG, ICEBERG",Default Title,4530303674449,3.79,/home/ubuntu/snusmart_data/images/iceberg-sour-berries_75341925515590.jpg
ICEBERG,ICEBERG ENERGY 40MG,https://snusmart.com/products/iceberg-energy,,"ENERYDRINK, EXTRA STRONG, ICEBERG",Default Title,4664580654808,3.79,/home/ubuntu/snusmart_data/images/iceberg-energy_75341925351750.jpg
ICEBERG,ICEBERG EMERALD 40MG,https://snusmart.com/products/iceberg-emerald,,"APPLE, EXOTIC FRUITS, EXTRA STRONG, ICEBERG",Default Title,4245342412135,3.79,/home/ubuntu/snusmart_data/images/iceberg-emerald_55863591731526.jpg
ICEBERG,ICEBERG GUMMY BEARS 40MG,https://snusmart.com/products/iceberg-gummy-bears,,"EXTRA STRONG, FRUITS, GUMMY BEAR, ICEBERG",Default Title,4758763012445,3.79,/home/ubuntu/snusmart_data/images/iceberg-gummy-bears_55862321512774.jpg
ICEBERG,ICEBERG KIWI STRAWBERRY 40MG,https://snusmart.com/products/iceberg-kiwi-strawberry,,"EXTRA STRONG, ICEBERG, kiwi, STRAWBERRY",Default Title,4934356753357,3.79,/home/ubuntu/snusmart_data/images/iceberg-kiwi-strawberry_56441133662534.jpg
ICEBERG,ICEBERG MINT EXPLOSION 40MG,https://snusmart.com/products/iceberg-mint-explosion,,"EXTRA STRONG, MINT",Default Title,3802334628403,3.79,/home/ubuntu/snusmart_data/images/iceberg-mint-explosion_74574205223238.jpg
JIXX,JIXX FREEZE MAX,https://snusmart.com/products/jixx-freeze-max,,"EXTRA STRONG, MINT",Default Title,,3.99,/home/ubuntu/snusmart_data/images/jixx-freeze-max_80976230187334.jpg
JIXX,JIXX FREEZE STRONG,https://snusmart.com/products/jixx-freeze-strong,,"MINT, STRONG",Default Title,,3.99,/home/ubuntu/snusmart_data/images/jixx-freeze-strong_80976227729734.jpg
JIXX,JIXX ICE COLD,https://snusmart.com/products/jixx-ice-cold,,"MEDIUM, MINT",Default Title,,3.99,/home/ubuntu/snusmart_data/images/jixx-ice-cold_80976224059718.jpg
JIXX,JIXX WATERMELON,https://snusmart.com/products/jixx-watermelon,,"MEDIUM, WATERMELON",Default Title,,3.99,/home/ubuntu/snusmart_data/images/jixx-watermelon_80976222421318.jpg
JIXX,JIXX GRAPE,https://snusmart.com/products/jixx-grape,,"GRAPE, MEDIUM",Default Title,,3.99,/home/ubuntu/snusmart_data/images/jixx-grape_80976218620230.jpg
JIXX,JIXX COLA,https://snusmart.com/products/jixx-cola,,"COLA, STRONG",Default Title,,3.99,/home/ubuntu/snusmart_data/images/jixx-cola_80976216949062.jpg
JIXX,JIXX BUBBLEGUM,https://snusmart.com/products/jixx-bubblegum,,"BUBBLEGUM, EXTRA STRONG",Default Title,,3.99,/home/ubuntu/snusmart_data/images/jixx-bubblegum_80976211509574.jpg
KILLA,KILLA ENERGY / 13 16MG,https://snusmart.com/products/killa-13,,"ENERYDRINK, KILLA, MEDIUM",Default Title,5744000760087,3.49,/home/ubuntu/snusmart_data/images/killa-13_79161150669126.jpg
KILLA,KILLA PINEAPPLE 16MG,https://snusmart.com/products/killa-pineapple,,"KILLA, MEDIUM, PINEAPPLE",Default Title,5744000760865,3.49,/home/ubuntu/snusmart_data/images/killa-pineapple_79161150603590.jpg
KILLA,KILLA BLUEBERRY MINI 16MG,https://snusmart.com/products/killa-blueberry-mini,,"BERRY, BLUEBERRY, KILLA, MEDIUM",Default Title,5744000761695,3.49,/home/ubuntu/snusmart_data/images/killa-blueberry-mini_77473577795910.jpg
KILLA,KILLA SPEARMINT 16MG,https://snusmart.com/products/killa-spearmint,,"KILLA, MEDIUM, MINT",Default Title,5744000760131,3.49,/home/ubuntu/snusmart_data/images/killa-spearmint_79161150341446.jpg
KILLA,KILLA COLD MINT DRY 16MG,https://snusmart.com/products/killa-cold-mint-dry,"<h2 class=""MsoNormal""><b><span lang=""EN-GB"">Buy Killa Cola Online</span></b></h2> <p class=""MsoNormal""><span lang=""EN-GB"">Indulge in the refreshing taste of Killa Cola, a nicotine pouch that delivers the familiar flavour of cola with a strong nicotine hit. Produced by NGP Empire in Denmark, Killa Cola combines the sweet, effervescent taste of cola with a balanced nicotine level that provides a substantial kick. Designed for smokers reducing their tobacco use, Killa Cola offers a smoother, more enjoyable tapering-off process.</span></p> <h2 class=""MsoNormal""><b><span lang=""EN-GB"">Why Should You Use Killa Cola?</span></b></h2> <p class=""MsoNormal""><span lang=""EN-GB"">Try Killa Cola for a delightful cola flavour paired with a solid nicotine experience. This nicotine pouch is ideal for those who enjoy a sweet and refreshing taste without tobacco. Killa Cola is crafted for users tapering off from smoking, offering a satisfying alternative that delivers the nicotine effect without the downsides of tobacco. It’s the perfect choice for anyone looking to enjoy nicotine in a new, flavourful way.</span></p> <h2 class=""MsoNormal""><b><span lang=""EN-GB"">Why You Should Buy Killa Cola</span></b></h2> <p class=""MsoNormal""><span lang=""EN-GB"">Killa Cola is perfect for individuals who love cola flavour and need a nicotine product that delivers both taste and a strong kick. Its discreet design makes it easy to carry wherever you go—whether at work, out with friends, or relaxing at home. The classic cola flavour offers a refreshing alternative to traditional tobacco products, helping manage nicotine cravings as you reduce or quit smoking.</span></p> <h2 class=""MsoNormal""><b><span lang=""EN-GB"">SnusMart.com Range of Flavors from Killa</span></b></h2> <p class=""MsoNormal""><span lang=""EN-GB"">At <a href=""https://snusmart.com/"">SnusMart.com</a>, explore a variety of Killa flavours to suit different preferences. Killa nicotine pouches are known for their robust flavours and substantial nicotine hit, making them popular for those reducing tobacco use. Popular flavours include Killa Cold Mint, Killa Cola, and Killa Cold Mint Mini. Each flavour is crafted to provide a unique nicotine experience. Discover the full range of Killa flavours at SnusMart.com to find your perfect match!</span></p> <h2 class=""MsoNormal""><b><span lang=""EN-GB"">Here are four of the most popular Killa flavours:</span></b></h2> <p class=""MsoNormal""><span lang=""EN-GB""><a href=""https://snusmart.com/products/killa-cold-mint""><b>Killa Cold Mint:</b></a> Experience an intense menthol burst with a powerful nicotine kick.</span></p> <p class=""MsoNormal""><span lang=""EN-GB""><a href=""https://snusmart.com/products/killa-cola""><b>Killa Cola:</b></a> Enjoy the refreshing and classic taste of cola with a satisfying nicotine hit.</span></p> <p class=""MsoNormal""><span lang=""EN-GB""><a href=""https://snusmart.com/products/killa-cold-mint-dry""><b>Killa Cold Mint Dry:</b></a> For those who prefer a drier pouch, Killa Cold Mint Dry offers a strong and crisp minty flavour.</span></p> <p class=""MsoNormal""><span lang=""EN-GB""><a href=""https://snusmart.com/products/killa-cold-mint-mini""><b>Killa Cold Mint Mini:</b></a> Get the same powerful mint experience in a more compact, discreet form.</span></p> <h2 class=""MsoNormal""><b><span lang=""EN-GB"">About Killa</span></b></h2> <p class=""MsoNormal""><span lang=""EN-GB"">Killa nicotine pouches, produced by NGP Empire in Denmark, are designed for smokers who are looking to reduce or eliminate their tobacco use. Known for their average nicotine levels combined with a heavy kick, Killa pouches provide a satisfying alternative to smoking while still delivering the effects of nicotine. Whether you’re tapering off or simply looking for a cleaner nicotine experience, Killa offers a range of flavours that cater to different tastes and preferences, ensuring you find the right product to support your transition.</span></p>","KILLA, MEDIUM, MINT",Default Title,5744000761398,3.49,/home/ubuntu/snusmart_data/images/killa-cold-mint-dry_77477079089478.jpg
KILLA,KILLA COLD MINT 16MG,https://snusmart.com/products/killa-cold-mint,"<p class=""MsoNormal""><b>Buy Killa Cold Mint Online</b></p> <p class=""MsoNormal"">Experience the invigorating power of Killa Cold Mint, a nicotine pouch designed for those who crave a strong, refreshing mint flavour. Produced by NGP Empire in Denmark, Killa Cold Mint delivers an intense burst of icy menthol combined with a balanced nicotine level that packs a heavy kick. Ideal for smokers looking to reduce tobacco intake while still enjoying nicotine, Killa Cold Mint offers a satisfying and refreshing alternative that eases the tapering-off process.</p> <p class=""MsoNormal""><b>Why Should You Use Killa Cold Mint?</b></p> <p class=""MsoNormal"">Try Killa Cold Mint if you’re seeking a robust and revitalizing mint experience. This nicotine pouch is perfect for those who want a powerful menthol hit without tobacco. Crafted for users tapering off from smoking, Killa Cold Mint delivers a strong flavour and solid nicotine effect, helping you transition smoothly. It’s the ideal choice for anyone looking to enjoy nicotine in a cleaner, more convenient way.</p> <p class=""MsoNormal""><b>Why You Should Buy Killa Cold Mint</b></p> <p class=""MsoNormal"">Killa Cold Mint is perfect for individuals who love bold mint flavours and need a nicotine product that delivers a strong kick. Its discreet design makes it easy to take anywhere—whether at work, socializing, or relaxing at home. The intense menthol flavour offers a refreshing alternative to traditional tobacco, making it easier to manage nicotine cravings as you taper off.</p> <p class=""MsoNormal""><b>SnusMart.com Range of Flavors from Killa</b></p> <p class=""MsoNormal"">At SnusMart.com, you’ll find a variety of Killa flavours to suit every preference. Killa nicotine pouches are known for their strong flavours and substantial nicotine hit, making them popular for those reducing tobacco use. Popular flavours include Killa Cold Mint, Killa Cola, and Killa Cold Mint Dry. Each flavour is carefully crafted to provide a unique nicotine experience. Explore the full range of Killa flavours at SnusMart.com to find your favourite!</p> <p class=""MsoNormal""><b>Here are four of the most popular Killa flavours:</b></p> <p class=""MsoNormal""><a href=""https://snusmart.com/products/killa-cold-mint""><b>Killa Cold Mint:</b></a> Experience an intense menthol burst with a powerful nicotine kick.</p> <p class=""MsoNormal""><a href=""https://snusmart.com/products/killa-cola""><b>Killa Cola:</b></a> Enjoy the refreshing and classic taste of cola with a satisfying nicotine hit.</p> <p class=""MsoNormal""><a href=""https://snusmart.com/products/killa-cold-mint-dry""><b>Killa Cold Mint Dry:</b></a> For those who prefer a drier pouch, Killa Cold Mint Dry offers a strong and crisp minty flavour.</p> <p class=""MsoNormal""><a href=""https://snusmart.com/products/killa-cold-mint-mini""><b>Killa Cold Mint Mini:</b></a> Get the same powerful mint experience in a more compact, discreet form.</p> <p class=""MsoNormal""><b>About Killa</b></p> <p class=""MsoNormal"">Killa nicotine pouches, produced by NGP Empire in Denmark, are designed for smokers reducing or eliminating tobacco use. Known for their average nicotine levels with a heavy kick, Killa pouches offer a satisfying alternative to smoking while still delivering nicotine's effects. Whether tapering off or seeking a cleaner nicotine experience, Killa provides a range of flavours to support your transition.</p>","KILLA, MEDIUM, MINT",Default Title,5744000760117,3.49,/home/ubuntu/snusmart_data/images/killa-cold-mint_79161150570822.jpg
KILLA,KILLA COLA 16MG,https://snusmart.com/products/killa-cola,"<h2 class=""MsoNormal""><b><span lang=""EN-GB"">Buy Killa Cola Online</span></b></h2> <p class=""MsoNormal""><span lang=""EN-GB"">Indulge in the refreshing taste of Killa Cola, a nicotine pouch that delivers the familiar flavour of cola with a strong nicotine hit. Produced by NGP Empire in Denmark, Killa Cola combines the sweet, effervescent taste of cola with a balanced nicotine level that provides a substantial kick. Designed for smokers reducing their tobacco use, Killa Cola offers a smoother, more enjoyable tapering-off process.</span></p> <h2 class=""MsoNormal""><b><span lang=""EN-GB"">Why Should You Use Killa Cola?</span></b></h2> <p class=""MsoNormal""><span lang=""EN-GB"">Try Killa Cola for a delightful cola flavour paired with a solid nicotine experience. This nicotine pouch is ideal for those who enjoy a sweet and refreshing taste without tobacco. Killa Cola is crafted for users tapering off from smoking, offering a satisfying alternative that delivers the nicotine effect without the downsides of tobacco. It’s the perfect choice for anyone looking to enjoy nicotine in a new, flavourful way.</span></p> <h2 class=""MsoNormal""><b><span lang=""EN-GB"">Why You Should Buy Killa Cola</span></b></h2> <p class=""MsoNormal""><span lang=""EN-GB"">Killa Cola is perfect for individuals who love cola flavour and need a nicotine product that delivers both taste and a strong kick. Its discreet design makes it easy to carry wherever you go—whether at work, out with friends, or relaxing at home. The classic cola flavour offers a refreshing alternative to traditional tobacco products, helping manage nicotine cravings as you reduce or quit smoking.</span></p> <h2 class=""MsoNormal""><b><span lang=""EN-GB"">SnusMart.com Range of Flavors from Killa</span></b></h2> <p class=""MsoNormal""><span lang=""EN-GB"">At <a href=""https://snusmart.com/"">SnusMart.com</a>, explore a variety of Killa flavours to suit different preferences. Killa nicotine pouches are known for their robust flavours and substantial nicotine hit, making them popular for those reducing tobacco use. Popular flavours include Killa Cold Mint, Killa Cola, and Killa Cold Mint Mini. Each flavour is crafted to provide a unique nicotine experience. Discover the full range of Killa flavours at SnusMart.com to find your perfect match!</span></p> <h2 class=""MsoNormal""><b><span lang=""EN-GB"">Here are four of the most popular Killa flavours:</span></b></h2> <p class=""MsoNormal""><span lang=""EN-GB""><a href=""https://snusmart.com/products/killa-cold-mint""><b>Killa Cold Mint:</b></a> Experience an intense menthol burst with a powerful nicotine kick.</span></p> <p class=""MsoNormal""><span lang=""EN-GB""><a href=""https://snusmart.com/products/killa-cola""><b>Killa Cola:</b></a> Enjoy the refreshing and classic taste of cola with a satisfying nicotine hit.</span></p> <p class=""MsoNormal""><span lang=""EN-GB""><a href=""https://snusmart.com/products/killa-cold-mint-dry""><b>Killa Cold Mint Dry:</b></a> For those who prefer a drier pouch, Killa Cold Mint Dry offers a strong and crisp minty flavour.</span></p> <p class=""MsoNormal""><span lang=""EN-GB""><a href=""https://snusmart.com/products/killa-cold-mint-mini""><b>Killa Cold Mint Mini:</b></a> Get the same powerful mint experience in a more compact, discreet form.</span></p> <h2 class=""MsoNormal""><b><span lang=""EN-GB"">About Killa</span></b></h2> <p class=""MsoNormal""><span lang=""EN-GB"">Killa nicotine pouches, produced by NGP Empire in Denmark, are designed for smokers who are looking to reduce or eliminate their tobacco use. Known for their average nicotine levels combined with a heavy kick, Killa pouches provide a satisfying alternative to smoking while still delivering the effects of nicotine. Whether you’re tapering off or simply looking for a cleaner nicotine experience, Killa offers a range of flavours that cater to different tastes and preferences, ensuring you find the right product to support your transition.</span></p>","COLA, KILLA, MEDIUM",Default Title,5744000760100,3.49,/home/ubuntu/snusmart_data/images/killa-cola_79161150439750.jpg
KILLA,KILLA GRAPE ICE 16MG,https://snusmart.com/products/killa-grape-ice,,"GRAPE, KILLA, MEDIUM",Default Title,5744000761343,3.49,/home/ubuntu/snusmart_data/images/killa-grape-ice_79161150636358.jpg
KILLA,KILLA MANGO ICE 16MG,https://snusmart.com/products/killa-mango-ice,,"EXOTIC FRUITS, FRUIT, KILLA, MANGO, MEDIUM",Default Title,5744000761336,3.49,/home/ubuntu/snusmart_data/images/killa-mango-ice_79161150406982.jpg
KILLA,KILLA WATERMELON 16MG,https://snusmart.com/products/killa-watermelon,,"KILLA, MEDIUM, WATERMELON",Default Title,5744000760148,3.49,/home/ubuntu/snusmart_data/images/killa-watermelon_79161150374214.jpg
KILLA,KILLA APPLE 16MG,https://snusmart.com/products/killa-apple,,"APPLE, KILLA, MEDIUM",Default Title,5744000760896,3.49,/home/ubuntu/snusmart_data/images/killa-apple_79161150505286.jpg
KILLA,KILLA BLUEBERRY 16MG,https://snusmart.com/products/killa-blueberry,,"BERRY, BLUEBERRY, FRUIT, KILLA, MEDIUM",Default Title,5744000760094,3.49,/home/ubuntu/snusmart_data/images/killa-blueberry_79161150538054.jpg
KILLA,KILLA STRAWBERRY LYCHEE 16MG,https://snusmart.com/products/killa-strawberry-lychee,,"EXOTIC FRUITS, FRUITS, KILLA, MEDIUM, STRAWBERRY",Default Title,5744000761329,3.49,/home/ubuntu/snusmart_data/images/killa-strawberry-lychee_79161150308678.jpg
KILLA,KILLA X-COLD MINT 16MG,https://snusmart.com/products/killa-x-cold-mint,,"KILLA, MEDIUM, MINT",Default Title,5744000760155,3.49,/home/ubuntu/snusmart_data/images/killa-x-cold-mint_79161150472518.jpg
KILLA,KILLA FROSTED MINT 16MG,https://snusmart.com/products/killa-frosted-mint,<!---->,"KILLA, MEDIUM, MINT",Default Title,5744000761732,3.49,/home/ubuntu/snusmart_data/images/killa-frosted-mint_79161150275910.jpg
KILLA,KILLA MANGO ICE MINI 16MG,https://snusmart.com/products/killa-mango-ice-mini,,"EXOTIC FRUITS, FRUIT, KILLA, MANGO, MEDIUM",Default Title,5744000761701,3.49,/home/ubuntu/snusmart_data/images/killa-mango-ice-mini_77473528643910.jpg
KILLA,KILLA COLD MINT MINI 16MG,https://snusmart.com/products/killa-cold-mint-mini,"<h2 class=""MsoNormal""><b><span lang=""EN-GB"">Buy Killa Cola Online</span></b></h2> <p class=""MsoNormal""><span lang=""EN-GB"">Indulge in the refreshing taste of Killa Cola, a nicotine pouch that delivers the familiar flavour of cola with a strong nicotine hit. Produced by NGP Empire in Denmark, Killa Cola combines the sweet, effervescent taste of cola with a balanced nicotine level that provides a substantial kick. Designed for smokers reducing their tobacco use, Killa Cola offers a smoother, more enjoyable tapering-off process.</span></p> <h2 class=""MsoNormal""><b><span lang=""EN-GB"">Why Should You Use Killa Cola?</span></b></h2> <p class=""MsoNormal""><span lang=""EN-GB"">Try Killa Cola for a delightful cola flavour paired with a solid nicotine experience. This nicotine pouch is ideal for those who enjoy a sweet and refreshing taste without tobacco. Killa Cola is crafted for users tapering off from smoking, offering a satisfying alternative that delivers the nicotine effect without the downsides of tobacco. It’s the perfect choice for anyone looking to enjoy nicotine in a new, flavourful way.</span></p> <h2 class=""MsoNormal""><b><span lang=""EN-GB"">Why You Should Buy Killa Cola</span></b></h2> <p class=""MsoNormal""><span lang=""EN-GB"">Killa Cola is perfect for individuals who love cola flavour and need a nicotine product that delivers both taste and a strong kick. Its discreet design makes it easy to carry wherever you go—whether at work, out with friends, or relaxing at home. The classic cola flavour offers a refreshing alternative to traditional tobacco products, helping manage nicotine cravings as you reduce or quit smoking.</span></p> <h2 class=""MsoNormal""><b><span lang=""EN-GB"">SnusMart.com Range of Flavors from Killa</span></b></h2> <p class=""MsoNormal""><span lang=""EN-GB"">At <a href=""https://snusmart.com/"">SnusMart.com</a>, explore a variety of Killa flavours to suit different preferences. Killa nicotine pouches are known for their robust flavours and substantial nicotine hit, making them popular for those reducing tobacco use. Popular flavours include Killa Cold Mint, Killa Cola, and Killa Cold Mint Mini. Each flavour is crafted to provide a unique nicotine experience. Discover the full range of Killa flavours at SnusMart.com to find your perfect match!</span></p> <h2 class=""MsoNormal""><b><span lang=""EN-GB"">Here are four of the most popular Killa flavours:</span></b></h2> <p class=""MsoNormal""><span lang=""EN-GB""><a href=""https://snusmart.com/products/killa-cold-mint""><b>Killa Cold Mint:</b></a> Experience an intense menthol burst with a powerful nicotine kick.</span></p> <p class=""MsoNormal""><span lang=""EN-GB""><a href=""https://snusmart.com/products/killa-cola""><b>Killa Cola:</b></a> Enjoy the refreshing and classic taste of cola with a satisfying nicotine hit.</span></p> <p class=""MsoNormal""><span lang=""EN-GB""><a href=""https://snusmart.com/products/killa-cold-mint-dry""><b>Killa Cold Mint Dry:</b></a> For those who prefer a drier pouch, Killa Cold Mint Dry offers a strong and crisp minty flavour.</span></p> <p class=""MsoNormal""><span lang=""EN-GB""><a href=""https://snusmart.com/products/killa-cold-mint-mini""><b>Killa Cold Mint Mini:</b></a> Get the same powerful mint experience in a more compact, discreet form.</span></p> <h2 class=""MsoNormal""><b><span lang=""EN-GB"">About Killa</span></b></h2> <p class=""MsoNormal""><span lang=""EN-GB"">Killa nicotine pouches, produced by NGP Empire in Denmark, are designed for smokers who are looking to reduce or eliminate their tobacco use. Known for their average nicotine levels combined with a heavy kick, Killa pouches provide a satisfying alternative to smoking while still delivering the effects of nicotine. Whether you’re tapering off or simply looking for a cleaner nicotine experience, Killa offers a range of flavours that cater to different tastes and preferences, ensuring you find the right product to support your transition.</span></p>","KILLA, MEDIUM, MINT",Default Title,5744000761565,3.49,/home/ubuntu/snusmart_data/images/killa-cold-mint-mini_77473536442694.jpg
KORS,KORS ENERGY DRINK 17.14MG,https://snusmart.com/products/kors-energy-drink-12mg,,ENERGY DRINK,Default Title,8908017396371,3.49,/home/ubuntu/snusmart_data/images/kors-energy-drink-12mg_78572038652230.jpg
KORS,KORS LEMON SORBET 30MG,https://snusmart.com/products/kors-lemon-sorbet-21mg,,,Default Title,8908017396531,3.49,/home/ubuntu/snusmart_data/images/kors-lemon-sorbet-21mg_78572035899718.jpg
KORS,KORS LEMON SORBET 21.43MG,https://snusmart.com/products/kors-lemon-sorbet-15mg,,,Default Title,8908017396432,3.49,/home/ubuntu/snusmart_data/images/kors-lemon-sorbet-15mg_78765062127942.jpg
KORS,KORS LEMON SORBET 12.86MG,https://snusmart.com/products/kors-lemon-sorbet-9mg,,,Default Title,8908017396333,3.49,/home/ubuntu/snusmart_data/images/kors-lemon-sorbet-9mg_78572031770950.jpg
KORS,KORS BERRY BURST 12.86MG,https://snusmart.com/products/kors-berry-burst-9mg,,,Default Title,8908017396319,3.49,/home/ubuntu/snusmart_data/images/kors-berry-burst-9mg_78572029182278.jpg
KORS,KORS WATERMELON CRUSH 17.14MG,https://snusmart.com/products/kors-watermelon-crush-12mg,,WATERMELON,Default Title,8908017396357,3.49,/home/ubuntu/snusmart_data/images/kors-watermelon-crush-12mg_78572027609414.jpg
KORS,KORS COOL MINT 30MG,https://snusmart.com/products/kors-cool-mint-21mg,,,Default Title,8908017396494,3.49,/home/ubuntu/snusmart_data/images/kors-cool-mint-21mg_78572024037702.jpg
KORS,KORS COOL MINT 25.71MG,https://snusmart.com/products/kors-cool-mint-18mg,,MINT,Default Title,8908017396449,3.49,/home/ubuntu/snusmart_data/images/kors-cool-mint-18mg_78572019941702.jpg
KORS,KORS COOL MINT 12.86MG,https://snusmart.com/products/kors-cool-mint-9mg,,"MEDIUM, MINT",Default Title,8908017396296,3.49,/home/ubuntu/snusmart_data/images/kors-cool-mint-9mg_78572013322566.jpg
KRATOS,KRATOS NICOTINE BLACK CHERRY ICE 30MG,https://snusmart.com/products/kratos-nicotine-black-cherry-ice,,,Default Title,5940805087064,3.69,/home/ubuntu/snusmart_data/images/kratos-nicotine-black-cherry-ice_81050344456518.jpg
KRATOS,KRATOS NICOTINE CITRUS BURST 16MG,https://snusmart.com/products/kratos-nicotine-citrus-burst,,,Default Title,5940805087279,3.69,/home/ubuntu/snusmart_data/images/kratos-nicotine-citrus-burst_81050344489286.jpg
KRATOS,KRATOS NICOTINE COOL MINT 50MG,https://snusmart.com/products/kratos-nicotine-cool-mint,,,Default Title,5940805087033,3.69,/home/ubuntu/snusmart_data/images/kratos-nicotine-cool-mint_81050344554822.jpg
KRATOS,KRATOS NICOTINE DOUBLE MINT 50MG,https://snusmart.com/products/kratos-nicotine-double-mint,,,Default Title,5940805087026,3.69,/home/ubuntu/snusmart_data/images/kratos-nicotine-double-mint_81050344522054.jpg
KRATOS,KRATOS NICOTINE GRAPE ICE 16MG,https://snusmart.com/products/kratos-nicotine-grape-ice,,,Default Title,5940805087125,3.69,/home/ubuntu/snusmart_data/images/kratos-nicotine-grape-ice_81050382270790.jpg
KRATOS,KRATOS NICOTINE MANGO INFERNO 16MG,https://snusmart.com/products/kratos-nicotine-mango-inferno,,,Default Title,5940805087224,3.69,/home/ubuntu/snusmart_data/images/kratos-nicotine-mango-inferno_81050344620358.jpg
KRATOS,KRATOS NICOTINE PEACH FROST 30MG,https://snusmart.com/products/kratos-nicotine-peach-frost,,,Default Title,5940805087194,3.69,/home/ubuntu/snusmart_data/images/kratos-nicotine-peach-frost_81050344653126.jpg
KRATOS,KRATOS NICOTINE STRAWBERRY ICE 30MG,https://snusmart.com/products/kratos-nicotine-strawberry-ice,,,Default Title,5940805087101,3.69,/home/ubuntu/snusmart_data/images/kratos-nicotine-strawberry-ice_81050344685894.jpg
LIPS,LIPS STRAWBERRY 16MG,https://snusmart.com/products/lips-strawberry,,"FRUITS, LIPS, MEDIUM, STRAWBERRY",Default Title,5744000760179,3.39,/home/ubuntu/snusmart_data/images/lips-strawberry_55862379807046.jpg
LIPS,LIPS ORIGINAL 16MG,https://snusmart.com/products/lips-original,,"BERRIES, LIPS, MEDIUM",Default Title,5744000760162,3.39,/home/ubuntu/snusmart_data/images/lips-original_55861928657222.jpg
NOIS,NOIS EXTREME CHERRY 50MG,https://snusmart.com/products/nois-extreme-cherry,,"BERRIES, cherry, EXTRA STRONG",Default Title,4742024720569,3.79,/home/ubuntu/snusmart_data/images/nois-extreme-cherry_75700076937542.jpg
NOIS,NOIS CHERRY ICE 25MG,https://snusmart.com/products/nois-cherry-ice,,"BERRIES, cherry, STRONG",Default Title,4742024720552,3.79,/home/ubuntu/snusmart_data/images/nois-cherry-ice_75700097319238.jpg
NOIS,NOIS COOL STRONG 35MG,https://snusmart.com/products/nois-cool-strong,,"EXTRA STRONG, MINT",Default Title,4742024720118,3.79,/home/ubuntu/snusmart_data/images/nois-cool-strong_75700095058246.jpg
NOIS,NOIS MINT 20MG,https://snusmart.com/products/nois-mint,,"MINT, STRONG",Default Title,4742024720026,3.79,/home/ubuntu/snusmart_data/images/nois-mint_75700100333894.jpg
NOIS,NOIS BLUEBERRY MINI 50MG,https://snusmart.com/products/nois-blueberry-mini,,"BERRIES, BLUEBERRY, EXTRA STRONG",Default Title,4742024720545,3.79,/home/ubuntu/snusmart_data/images/nois-blueberry-mini_81906414223686.jpg
NOIS,NOIS EXTREME MANGO 50MG,https://snusmart.com/products/nois-extreme-mango,,"EXOTIC FRUITS, EXTRA STRONG, MANGO",Default Title,4742024720224,3.79,/home/ubuntu/snusmart_data/images/nois-extreme-mango_75700083327302.jpg
NOIS,NOIS EXTREME BLUEBERRY 50MG,https://snusmart.com/products/nois-extreme-blueberry,,"BERRIES, BLUEBERRY, EXTRA STRONG",Default Title,4742024720217,3.79,/home/ubuntu/snusmart_data/images/nois-extreme-blueberry_75700079755590.jpg
NOIS,NOIS COOL STRONG EXTREME 50MG,https://snusmart.com/products/nois-cool-strong-extreme,,"EXTRA STRONG, MINT",Default Title,4742024720293,3.79,/home/ubuntu/snusmart_data/images/nois-cool-strong-extreme_75700087652678.jpg
NOIS,NOIS BLACKCURRANT 16MG,https://snusmart.com/products/nois-blackcurrant,,"BERRIES, MEDIUM",Default Title,4742024720071,3.79,/home/ubuntu/snusmart_data/images/nois-blackcurrant_75700101841222.jpg
NOIS,NOIS EXTREME 50MG,https://snusmart.com/products/nois-extreme,,"EXTRA STRONG, MINT",Default Title,4742024720033,3.79,/home/ubuntu/snusmart_data/images/nois-extreme_75700073955654.jpg
PABLO,PABLO ICE COLD 30MG,https://snusmart.com/products/pablo-ice-cold,,"MINT, PABLO, STRONG",Default Title,5744000760186,3.79,/home/ubuntu/snusmart_data/images/pablo-ice-cold_77343176327494.jpg
PABLO,PABLO EXCLUSIVE BUBBLEGUM 50MG,https://snusmart.com/products/pablo-bubblegum,,"BUBBLEGUM, EXTRA STRONG, PABLO",Default Title,5744000761619,3.79,/home/ubuntu/snusmart_data/images/pablo-bubblegum_77343743967558.jpg
PABLO,PABLO X-ICE COLD 30MG,https://snusmart.com/products/pablo-x-ice-cold,,"MINT, PABLO, STRONG",Default Title,5744000760193,3.79,/home/ubuntu/snusmart_data/images/pablo-x-ice-cold_77343358320966.jpg
PABLO,PABLO ICE COLD DRY 30MG,https://snusmart.com/products/pablo-ice-cold-dry,,"MINT, PABLO, STRONG",Default Title,5744000761572,3.79,/home/ubuntu/snusmart_data/images/pablo-ice-cold-dry_78590760943942.jpg
PABLO,PABLO EXCLUSIVE ORANGE 50MG,https://snusmart.com/products/pablo-exclusive-orange,,"EXTRA STRONG, orange",Default Title,5740031400510,3.79,/home/ubuntu/snusmart_data/images/pablo-exclusive-orange_77344422527302.jpg
PABLO,PABLO EXCLUSIVE PASSION FRUIT 50MG,https://snusmart.com/products/pablo-exclusive-passion-fruit,,"EXOTIC FRUITS, EXTRA STRONG",Default Title,5744000761978,3.79,/home/ubuntu/snusmart_data/images/pablo-exclusive-passion-fruit_77343951094086.jpg
PABLO,"PABLO GOLD EDITION DARK CHERRY 24,29MG",https://snusmart.com/products/pablo-gold-edition-dark-cherry,,"cherry, STRONG",Default Title,5740031410243,3.79,/home/ubuntu/snusmart_data/images/pablo-gold-edition-dark-cherry_78337597866310.jpg
PABLO,PABLO RED 30MG,https://snusmart.com/products/pablo-red,,"MINT, PABLO, STRONG",Default Title,5744000760926,3.79,/home/ubuntu/snusmart_data/images/pablo-red_77343433556294.jpg
PABLO,PABLO EXCLUSIVE PEAR 50MG,https://snusmart.com/products/pablo-exclusive-pear,,"EXTRA STRONG, FRUITS",Default Title,5744000761961,3.79,/home/ubuntu/snusmart_data/images/pablo-exclusive-pear_77344066863430.jpg
PABLO,PABLO EXCLUSIVE BLUE RASPBERRY 50MG,https://snusmart.com/products/pablo-exclusive-blue-raspberry,,"BERRIES, EXTRA STRONG, FRUITS, RASPBERRY",Default Title,5740031400480,3.79,/home/ubuntu/snusmart_data/images/pablo-exclusive-blue-raspberry_77344343097670.jpg
PABLO,PABLO EXCLUSIVE DARK CHERRY 50MG,https://snusmart.com/products/pablo-exclusive-dark-cherry,,"BERRIES, cherry, EXTRA STRONG, FRUITS",Default Title,5740031400633,3.79,/home/ubuntu/snusmart_data/images/pablo-exclusive-dark-cherry_77344657965382.jpg
PABLO,PABLO EXCLUSIVE BANANA ICE 50MG,https://snusmart.com/products/pablo-exclusive-banana-ice,,"BANANA, EXTRA STRONG",Default Title,5744000761602,3.79,/home/ubuntu/snusmart_data/images/pablo-exclusive-banana-ice_77343923962182.jpg
PABLO,PABLO EXCLUSIVE FROSTED ICE 50MG,https://snusmart.com/products/pablo-exclusive-frosted-ice,,"EXTRA STRONG, MINT",Default Title,5744000761664,3.79,/home/ubuntu/snusmart_data/images/pablo-exclusive-frosted-ice_77344160055622.jpg
PABLO,PABLO EXCLUSIVE STRAWBERRY LYCHEE 50MG,https://snusmart.com/products/pablo-exclusive-strawberry-lychee,,"EXOTIC FRUITS, EXTRA STRONG, FRUITS, STRAWBERRY",Default Title,5744000761657,3.79,/home/ubuntu/snusmart_data/images/pablo-exclusive-strawberry-lychee_77343788106054.jpg
PABLO,PABLO EXCLUSIVE STRAWBERRY CHEESECAKE 50MG,https://snusmart.com/products/pablo-exclusive-strawberry-cheesecake,,"EXTRA STRONG, FRUITS, STRAWBERRY",Default Title,5744000761640,3.79,/home/ubuntu/snusmart_data/images/pablo-exclusive-strawberry-cheesecake_77343984615750.jpg
PABLO,PABLO EXCLUSIVE CAPPUCCINO 50MG,https://snusmart.com/products/pablo-exclusive-cappuccino,,"COFFEE, EXTRA STRONG",Default Title,5744000761909,3.79,/home/ubuntu/snusmart_data/images/pablo-exclusive-cappuccino_77344014008646.jpg
PABLO,"PABLO GOLD EDITION FROSTED ICE 24,29MG",https://snusmart.com/products/pablo-gold-edition-frosted-ice,,"MINT, STRONG",Default Title,5740031410069,3.79,/home/ubuntu/snusmart_data/images/pablo-gold-edition-frosted-ice_77333105082694.jpg
PABLO,"PABLO GOLD EDITION WHITE MINT 24,29MG",https://snusmart.com/products/pablo-gold-edition-white-mint,,"MINT, STRONG",Default Title,5740031410304,3.79,/home/ubuntu/snusmart_data/images/pablo-gold-edition-white-mint_77349073682758.jpg
PABLO,PABLO EXCLUSIVE BLUEBERRY CRANBERRY CHERRY 50MG,https://snusmart.com/products/pablo-exclusive-blueberry-cranberry-cherry,,"BLUEBERRY, cherry, EXTRA STRONG",Default Title,5740031409520,3.79,/home/ubuntu/snusmart_data/images/pablo-exclusive-blueberry-cranberry-cherry_80745016459590.jpg
PABLO,PABLO EXCLUSIVE GREEN MINT 50MG,https://snusmart.com/products/pablo-exclusive-green-mint,,"EXTRA STRONG, MINT",Default Title,5740031400695,3.79,/home/ubuntu/snusmart_data/images/pablo-exclusive-green-mint_77344698499398.jpg
PABLO,PABLO EXCLUSIVE LIQUORICE 50MG,https://snusmart.com/products/pablo-exclusive-liquorice,,"EXTRA STRONG, LIQUORICE",Default Title,5740031400664,3.79,/home/ubuntu/snusmart_data/images/pablo-exclusive-liquorice_76176653844806.jpg
PABLO,PABLO EXCLUSIVE BLUE MINT 50MG,https://snusmart.com/products/pablo-exclusive-blue-mint,,"EXTRA STRONG, MINT",Default Title,5740031400725,3.79,/home/ubuntu/snusmart_data/images/pablo-exclusive-blue-mint_77344742015302.jpg
PABLO,"PABLO GOLD EDITION FROSTED MINT 24,29MG",https://snusmart.com/products/pablo-gold-edition-frosted-mint,,"MINT, STRONG",Default Title,5740031410090,3.79,/home/ubuntu/snusmart_data/images/pablo-gold-edition-frosted-mint_77473405141318.jpg
PABLO,PABLO EXCLUSIVE BLUEBERRY PEACH ICE 50MG,https://snusmart.com/products/pablo-exclusive-blueberry-peach-ice,,"BLUEBERRY, EXTRA STRONG, PEACH",Default Title,5740031409490,3.79,/home/ubuntu/snusmart_data/images/pablo-exclusive-blueberry-peach-ice_80745007841606.jpg
PABLO,PABLO ICE COLD LIMITED EDITION 50MG,https://snusmart.com/products/pablo-ice-cold-limited-edition-50mg,,"EXTRA STRONG, MINT, PABLO",Default Title,5740031416900,3.79,/home/ubuntu/snusmart_data/images/pablo-ice-cold-limited-edition-50mg_81248260817222.jpg
PABLO,PABLO EXCLUSIVE SOUR BLUEBERRIES 50MG,https://snusmart.com/products/pablo-exclusive-sour-blueberries,,"BLUEBERRY, EXTRA STRONG",Default Title,5740031409407,3.79,/home/ubuntu/snusmart_data/images/pablo-exclusive-sour-blueberries_80745011052870.jpg
PABLO,PABLO EXCLUSIVE KIWI 50MG,https://snusmart.com/products/pablo-exclusive-kiwi,,"EXTRA STRONG, kiwi",Default Title,5744000761954,3.79,/home/ubuntu/snusmart_data/images/pablo-exclusive-kiwi_77344134988102.jpg
PABLO,"PABLO GOLD EDITION TROPICAL PUNCH 24,29MG",https://snusmart.com/products/pablo-gold-edition-tropical-punch,,"BANANA, COCONUT, MANGO, PINEAPPLE, STRONG",Default Title,5740031410212,3.79,/home/ubuntu/snusmart_data/images/pablo-gold-edition-tropical-punch_77349007458630.jpg
PABLO,PABLO EXCLUSIVE LEMONADE 50MG,https://snusmart.com/products/pablo-exclusive-lemonade,,"EXTRA STRONG, LIME",Default Title,5740031400602,3.79,/home/ubuntu/snusmart_data/images/pablo-exclusive-lemonade_77344594755910.jpg
PABLO,PABLO EXCLUSIVE STRAWBERRY WATERMELON 50MG,https://snusmart.com/products/pablo-exclusive-strawberry-watermelon,,"EXTRA STRONG, STRAWBERRY, WATERMELON",Default Title,5740031400541,3.79,/home/ubuntu/snusmart_data/images/pablo-exclusive-strawberry-watermelon_76176638116166.jpg
PABLO,PABLO EXCLUSIVE TROPICAL PUNCH 50MG,https://snusmart.com/products/pablo-exclusive-tropical-punch,,"BANANA, COCONUT, EXTRA STRONG, MANGO, PINEAPPLE",Default Title,5740031400572,3.79,/home/ubuntu/snusmart_data/images/pablo-exclusive-tropical-punch_77344486195526.jpg
PABLO,"PABLO GOLD EDITION BLUE RASPBERRY 24,29MG",https://snusmart.com/products/pablo-gold-edition-blue-raspberry,,"BERRIES, RASPBERRY, STRONG",Default Title,5740031410274,3.79,/home/ubuntu/snusmart_data/images/pablo-gold-edition-blue-raspberry_78337559855430.jpg
PABLO,PABLO EXCLUSIVE GRAPE ICE 50MG,https://snusmart.com/products/pablo-exclusive-grape-ice,,"EXTRA STRONG, GRAPE",Default Title,5744000761626,3.79,/home/ubuntu/snusmart_data/images/pablo-exclusive-grape-ice_77343872483654.jpg
PABLO,PABLO EXCLUSIVE MANGO ICE 50MG,https://snusmart.com/products/pablo-exclusive-mango-ice,,"EXOTIC FRUITS, EXTRA STRONG, MANGO",Default Title,5744000761633,3.79,/home/ubuntu/snusmart_data/images/pablo-exclusive-mango-ice_77343904989510.jpg
PABLO,"PABLO GOLD EDITION KIWI 24,29MG",https://snusmart.com/products/pablo-gold-edition-kiwi,,"kiwi, STRONG",Default Title,5740031410151,3.79,/home/ubuntu/snusmart_data/images/pablo-gold-edition-kiwi_77473432961350.jpg
PABLO,"PABLO GOLD EDITION GRAPE ICE 24,29MG",https://snusmart.com/products/pablo-gold-edition-grape-ice,,"GRAPE, STRONG",Default Title,5740031410120,3.79,/home/ubuntu/snusmart_data/images/pablo-gold-edition-grape-ice_78337658093894.jpg
PABLO,PABLO EXCLUSIVE CHERRY COLA 50MG,https://snusmart.com/products/pablo-exclusive-cherry-cola,,"BERRIES, cherry, COLA, EXTRA STRONG",Default Title,5740031400756,3.79,/home/ubuntu/snusmart_data/images/pablo-exclusive-cherry-cola_77344771604806.jpg
PABLO,PABLO EXCLUSIVE FROSTED MINT 50MG,https://snusmart.com/products/pablo-exclusive-frosted-mint,,"EXTRA STRONG, MINT",Default Title,5744000761671,3.79,/home/ubuntu/snusmart_data/images/pablo-exclusive-frosted-mint_77343839027526.jpg
PABLO,PABLO EXCLUSIVE STRAWBERRY KIWI 50MG,https://snusmart.com/products/pablo-exclusive-strawberry-kiwi,,"EXTRA STRONG, kiwi, STRAWBERRY",Default Title,5740031409612,3.79,/home/ubuntu/snusmart_data/images/pablo-exclusive-strawberry-kiwi_80745002565958.jpg
PABLO,PABLO MINI RED 30MG,https://snusmart.com/products/pablo-mini-x-ice-cold-30mg-kopi,,"MINT, PABLO, STRONG",Default Title,5744000761534,3.79,/home/ubuntu/snusmart_data/images/pablo-mini-x-ice-cold-30mg-kopi_81248447889734.jpg
PABLO,PABLO MINI X-ICE COLD 30MG,https://snusmart.com/products/pablo-mini-x-ice-cold-30mg,,"MINT, PABLO, STRONG",Default Title,5744000761527,3.79,/home/ubuntu/snusmart_data/images/pablo-mini-x-ice-cold-30mg_81248440615238.jpg
PABLO,PABLO MINI ICE COLD 30MG,https://snusmart.com/products/pablo-mini-ice-cold-30mg,,"MINT, PABLO, STRONG",Default Title,5744000761510,3.79,/home/ubuntu/snusmart_data/images/pablo-mini-ice-cold-30mg_81248407650630.jpg
PABLO,PABLO EXCLUSIVE COLA 50MG,https://snusmart.com/products/pablo-exclusive-cola,,"COLA, EXTRA STRONG",Default Title,5740031416818,3.79,/home/ubuntu/snusmart_data/images/pablo-exclusive-cola_80745000206662.jpg
PABLO,PABLO EXCLUSIVE PINK LEMONADE 50MG,https://snusmart.com/products/pablo-exclusive-pink-lemonade,,"cherry, COCKTAIL, EXTRA STRONG",Default Title,5749931409315,3.79,/home/ubuntu/snusmart_data/images/pablo-exclusive-pink-lemonade_80745013150022.jpg
RABBIT,RABBIT BLUEBERRY 50MG,https://snusmart.com/products/rabbit-blueberry,,"BERRIES, BERRY, BLUEBERRY, EXTRA STRONG, RABBIT",Default Title,634240186684,3.49,/home/ubuntu/snusmart_data/images/rabbit-blueberry_77342066442566.jpg
RABBIT,RABBIT ENERGY 50MG,https://snusmart.com/products/rabbit-energy,,"ENERYDRINK, EXTRA STRONG, RABBIT",Default Title,634240186622,3.49,/home/ubuntu/snusmart_data/images/rabbit-energy_77341710876998.jpg
RABBIT,RABBIT BUBBLE GUM 50MG,https://snusmart.com/products/rabbit-bubble-gum,,"BUBBLEGUM, EXTRA STRONG, RABBIT",Default Title,634240186677,3.49,/home/ubuntu/snusmart_data/images/rabbit-bubble-gum_77341840277830.jpg
RABBIT,RABBIT PINEAPPLE ICE 50MG,https://snusmart.com/products/rabbit-pineapple-ice,,"EXTRA STRONG, MINT, PINEAPPLE, RABBIT",Default Title,634240186639,3.49,/home/ubuntu/snusmart_data/images/rabbit-pineapple-ice_77341792665926.jpg
RABBIT,RABBIT PEPPER MINT 50MG,https://snusmart.com/products/rabbit-pepper-mint,,"EXTRA STRONG, MINT, RABBIT",Default Title,4779052820206,3.49,/home/ubuntu/snusmart_data/images/rabbit-pepper-mint_77342022336838.jpg
RABBIT,RABBIT ICE HEMP 50MG,https://snusmart.com/products/rabbit-ice-hemp,,"EXTRA STRONG, Hemp, MINT, RABBIT",Default Title,4779052820190,3.49,/home/ubuntu/snusmart_data/images/rabbit-ice-hemp_77341983342918.jpg
RABBIT,RABBIT STRAWBERRY KIWI 50MG,https://snusmart.com/products/rabbit-strawberry-kiwi,,"EXTRA STRONG, kiwi, RABBIT, STRAWBERRY",Default Title,634240204166,3.49,/home/ubuntu/snusmart_data/images/rabbit-strawberry-kiwi_77341459022150.jpg
RABBIT,RABBIT DARK CHERRY 50MG,https://snusmart.com/products/rabbit-dark-cherry,,"cherry, EXTRA STRONG, FRUITS, RABBIT",Default Title,634240204173,3.49,/home/ubuntu/snusmart_data/images/rabbit-dark-cherry_77341416423750.jpg
RABBIT,RABBIT GREEN FIRE 50MG,https://snusmart.com/products/rabbit-jalapeno-lime,,"EXTRA STRONG, LIME, RABBIT",Default Title,4779052820244,3.49,/home/ubuntu/snusmart_data/images/rabbit-jalapeno-lime_77341922066758.jpg
RABBIT,RABBIT DOUBLE APPLE 50MG,https://snusmart.com/products/rabbit-double-apple,,"APPLE, EXTRA STRONG, RABBIT",Default Title,634240186615,3.49,/home/ubuntu/snusmart_data/images/rabbit-double-apple_77341877305670.jpg
RABBIT,RABBIT COLA 50MG,https://snusmart.com/products/rabbit-cola,,"COLA, EXTRA STRONG, RABBIT",Default Title,634240186653,3.49,/home/ubuntu/snusmart_data/images/rabbit-cola_77341750264134.jpg
RABBIT,RABBIT BLUE ICE 50MG,https://snusmart.com/products/rabbit-blue-ice,,"EXTRA STRONG, MINT, RABBIT",Default Title,4779052820213,3.49,/home/ubuntu/snusmart_data/images/rabbit-blue-ice_77341631545670.jpg
REBEL,REBEL WATERMELON ULTIMATE,https://snusmart.com/products/rebel-watermelon-ultimate,,WATERMELON,Default Title,850071956184,3.69,/home/ubuntu/snusmart_data/images/rebel-watermelon-ultimate_80574666047814.jpg
REBEL,REBEL FREEZE MINT ULTIMATE,https://snusmart.com/products/rebel-freeze-mint-ultimate,,,Default Title,850071956146,3.69,/home/ubuntu/snusmart_data/images/rebel-freeze-mint-ultimate_80574666244422.jpg
REBEL,REBEL PEACH EXTREME,https://snusmart.com/products/rebel-peach-extreme,,,Default Title,850071956221,3.69,/home/ubuntu/snusmart_data/images/rebel-peach-extreme_80574665326918.jpg
REBEL,REBEL WILD FRUIT STRONG,https://snusmart.com/products/rebel-wild-fruit-strong,,,Default Title,850071956238,3.69,/home/ubuntu/snusmart_data/images/rebel-wild-fruit-strong_80574652645702.jpg
REBEL,REBEL JUICY GRAPE STRONG,https://snusmart.com/products/rebel-juicy-grape-strong,,"GRAPE, STRONG",Default Title,850071956337,3.69,/home/ubuntu/snusmart_data/images/rebel-juicy-grape-strong_80574655889734.jpg
REBEL,REBEL FREEZE MINT EXTREME,https://snusmart.com/products/rebel-freeze-mint-extreme,,,Default Title,850071956252,3.69,/home/ubuntu/snusmart_data/images/rebel-freeze-mint-extreme_80574665916742.jpg
REBEL,REBEL ZESTY LIME EXTREME,https://snusmart.com/products/rebel-zesty-lime-extreme,,,Default Title,850071956207,3.69,/home/ubuntu/snusmart_data/images/rebel-zesty-lime-extreme_80574665457990.jpg
REBEL,REBEL MANGO INTENSE,https://snusmart.com/products/rebel-mango-intense,,MANGO,Default Title,850071956191,3.69,/home/ubuntu/snusmart_data/images/rebel-mango-intense_80574664704326.jpg
REBEL,REBEL ENERGY CHERRY COLA,https://snusmart.com/products/rebel-energy-cherry-cola,,"cherry, COLA, REBEL, STRONG",Default Title,0850071956702,3.69,/home/ubuntu/snusmart_data/images/rebel-energy-cherry-cola_81216664568134.jpg
REBEL,REBEL ENERGY TROPICAL,https://snusmart.com/products/rebel-energy-tropical,,"REBEL, STRONG, TROPICAL FRUIT",Default Title,850071956696,3.69,/home/ubuntu/snusmart_data/images/rebel-energy-tropical_81216664633670.jpg
REBEL,REBEL ENERGY CITRUS,https://snusmart.com/products/rebel-energy-citrus,,"LEMON, REBEL, STRONG",Default Title,850071956948,3.69,/home/ubuntu/snusmart_data/images/rebel-energy-citrus_81216664535366.jpg
REBEL,REBEL ENERGY MANGO,https://snusmart.com/products/rebel-energy-mango,,"MANGO, REBEL, STRONG",Default Title,850071956740,3.69,/home/ubuntu/snusmart_data/images/rebel-energy-mango_81216664600902.jpg
REBEL,REBEL PEPPERMINT STRONG,https://snusmart.com/products/rebel-peppermint-strong,,,Default Title,850071956177,3.69,/home/ubuntu/snusmart_data/images/rebel-peppermint-strong_80574660215110.jpg
REBEL,REBEL ENERGY BUBBLEGUM,https://snusmart.com/products/rebel-energy-bubblegum,,"BUBBLEGUM, REBEL, STRONG",Default Title,850071956733,3.69,/home/ubuntu/snusmart_data/images/rebel-energy-bubblegum_81216664699206.jpg
REBEL,REBEL ENERGY ENERGY,https://snusmart.com/products/rebel-energy-energy,,"ENERGY DRINK, REBEL, STRONG",Default Title,850071956689,3.69,/home/ubuntu/snusmart_data/images/rebel-energy-energy_81216664469830.jpg
REBEL,REBEL ENERGY DOUBLE MINT ICE,https://snusmart.com/products/rebel-energy-double-mint-ice,,"MINT, REBEL, STRONG",Default Title,0850071956719,3.69,/home/ubuntu/snusmart_data/images/rebel-energy-double-mint-ice_81216664764742.jpg
REBEL,REBEL ENERGY WATERMELON ICE,https://snusmart.com/products/rebel-energy-watermelon-ice,,"REBEL, STRONG, WATERMELON",Default Title,850071956757,3.69,/home/ubuntu/snusmart_data/images/rebel-energy-watermelon-ice_81216664502598.jpg
REBEL,REBEL ENERGY STRAWBERRY ICE,https://snusmart.com/products/rebel-energy-strawberry-ice,,"REBEL, STRAWBERRY, STRONG",Default Title,850071956726,3.69,/home/ubuntu/snusmart_data/images/rebel-energy-strawberry-ice_81216664666438.jpg
REBEL,REBEL CHERRY ULTIMATE,https://snusmart.com/products/rebel-cherry-ultimate,,cherry,Default Title,850071956214,3.69,/home/ubuntu/snusmart_data/images/rebel-cherry-ultimate_80574666146118.jpg
REBEL,REBEL JUICY GRAPE EXTREME,https://snusmart.com/products/rebel-juicy-grape-extreme,,"GRAPE, STRONG",Default Title,850071956245,3.69,/home/ubuntu/snusmart_data/images/rebel-juicy-grape-extreme_80574665818438.jpg
REBEL,REBEL ICE MINT EXTREME,https://snusmart.com/products/rebel-ice-mint-extreme,,,Default Title,850071956153,3.69,/home/ubuntu/snusmart_data/images/rebel-ice-mint-extreme_80574665621830.jpg
REBEL,REBEL PEPPERMINT EXTREME,https://snusmart.com/products/rebel-peppermint-extreme,,,Default Title,850071956160,3.69,/home/ubuntu/snusmart_data/images/rebel-peppermint-extreme_80574665195846.jpg
REBEL,REBEL SPEARMINT EXTREME,https://snusmart.com/products/rebel-spearmint-extreme,,,Default Title,850071956283,3.69,/home/ubuntu/snusmart_data/images/rebel-spearmint-extreme_80574665064774.jpg
REBEL,REBEL CHERRY INTENSE,https://snusmart.com/products/rebel-cherry-intense,,cherry,Default Title,850071956320,3.69,/home/ubuntu/snusmart_data/images/rebel-cherry-intense_80574664933702.jpg
REBEL,REBEL WATERMELON INTENSE,https://snusmart.com/products/rebel-watermelon-intense,,WATERMELON,Default Title,850071956306,3.69,/home/ubuntu/snusmart_data/images/rebel-watermelon-intense_80574664802630.jpg
REBEL,REBEL SPEARMINT STRONG,https://snusmart.com/products/rebel-spearmint-strong,,,Default Title,850071956276,3.69,/home/ubuntu/snusmart_data/images/rebel-spearmint-strong_80574662476102.jpg
REBEL,REBEL ZESTY LIME STRONG,https://snusmart.com/products/rebel-zesty-lime-strong,,,Default Title,850071956290,3.69,/home/ubuntu/snusmart_data/images/rebel-zesty-lime-strong_80574657921350.jpg
REBEL,REBEL ICE MINT STRONG,https://snusmart.com/products/rebel-ice-mint-strong,,,Default Title,850071956269,3.69,/home/ubuntu/snusmart_data/images/rebel-ice-mint-strong_80574656938310.jpg
REBEL,REBEL CRISP CITRUS STRONG,https://snusmart.com/products/rebel-crisp-citrus-strong,,,Default Title,850071956351,3.69,/home/ubuntu/snusmart_data/images/rebel-crisp-citrus-strong_80574652154182.jpg
REBEL,REBEL MANGO MEDIUM,https://snusmart.com/products/rebel-mango-medium,,MANGO,Default Title,850071956313,3.69,/home/ubuntu/snusmart_data/images/rebel-mango-medium_80574651662662.jpg
REBEL,REBEL PEACH MEDIUM,https://snusmart.com/products/rebel-peach-medium,,,Default Title,850071956344,3.69,/home/ubuntu/snusmart_data/images/rebel-peach-medium_80574650974534.jpg
RUSH,RUSH EXTREME CHERRY CHILL 30MG,https://snusmart.com/products/rush-extreme-cherry-chill,,cherry,Default Title,8906001182351,2.79,/home/ubuntu/snusmart_data/images/rush-extreme-cherry-chill_79981916225862.jpg
RUSH,RUSH PRO MANGO FREEZE 16MG,https://snusmart.com/products/rush-pro-mango-freeze,,MANGO,Default Title,8906001181477,2.79,/home/ubuntu/snusmart_data/images/rush-pro-mango-freeze_79981914816838.jpg
RUSH,RUSH PRO ICY GRAPE 16MG,https://snusmart.com/products/rush-pro-icy-grape,,"GRAPE, STRONG",Default Title,8906001181224,2.79,/home/ubuntu/snusmart_data/images/rush-pro-icy-grape_80744856256838.jpg
RUSH,RUSH EXTREME GRAPE ICE 30MG,https://snusmart.com/products/rush-extreme-grape-ice,,"GRAPE, STRONG",Default Title,8906001184751,2.79,/home/ubuntu/snusmart_data/images/rush-extreme-grape-ice_79981916619078.jpg
RUSH,RUSH EXTREME BOOST MINT 30MG,https://snusmart.com/products/rush-extreme-boost-mint,,,Default Title,8906001180951,2.79,/home/ubuntu/snusmart_data/images/rush-extreme-boost-mint_79981915930950.jpg
RUSH,RUSH PRO GREEN MINT 16MG,https://snusmart.com/products/rush-pro-green-mint,,,Default Title,8906001182573,2.79,/home/ubuntu/snusmart_data/images/rush-pro-green-mint_79981915078982.jpg
RUSH,RUSH PRO BERRY ICE 16MG,https://snusmart.com/products/rush-pro-berry-ice,,,Default Title,8906001182580,2.79,/home/ubuntu/snusmart_data/images/rush-pro-berry-ice_79981915013446.jpg
RUSH,RUSH PRO ICE COOL 16MG,https://snusmart.com/products/rush-pro-ice-cool,,,Default Title,8906001182542,2.79,/home/ubuntu/snusmart_data/images/rush-pro-ice-cool_79981915373894.jpg
RUSH,RUSH PRO NORDIC FROST 16MG,https://snusmart.com/products/rush-pro-nordic-frost,,,Default Title,8906001181521,2.79,/home/ubuntu/snusmart_data/images/rush-pro-nordic-frost_79981915472198.jpg
SIBERIA,SIBERIA SLIM PORTION 33MG,https://snusmart.com/products/siberia-slim,,EXTRA STRONG,Default Title,7350115297288,3.99,/home/ubuntu/snusmart_data/images/siberia-slim_78649470878022.jpg
SIBERIA,SIBERIA SUPER SLIM AWP 33MG,https://snusmart.com/products/siberia-super-slim-awp,,EXTRA STRONG,Default Title,7350115298551,3.99,/home/ubuntu/snusmart_data/images/siberia-super-slim-awp_78591659704646.jpg
SIBERIA,SIBERIA REGULAR AWP 33MG,https://snusmart.com/products/siberia-regular-awp,,EXTRA STRONG,Default Title,7350115297325,3.99,/home/ubuntu/snusmart_data/images/siberia-regular-awp_78591660360006.jpg
SIBERIA,ODIN WHITE DRY SLIM SIBERIAN COLD X-STRONG 35MG,https://snusmart.com/products/odin-white-dry-slim-siberian-cold-x-strong-35mg,,,Default Title,4745091753935,3.69,/home/ubuntu/snusmart_data/images/odin-white-dry-slim-siberian-cold-x-strong-35mg_80599546396998.jpg
SKRUF,SKRUF SUPERWHITE S2 8MG,https://snusmart.com/products/skruf-fresh-mint-s2,,"MINT, WEAK",Default Title,73151197,4.09,/home/ubuntu/snusmart_data/images/skruf-fresh-mint-s2_79741365977414.jpg
SKRUF,SKRUF FROZEN MINT SUPERLSIM S4 15.5MG,https://snusmart.com/products/skruf-frozen-mint-superlsim-s4,,"MEDIUM, MINT",Default Title,7330196008461,4.09,/home/ubuntu/snusmart_data/images/skruf-frozen-mint-superlsim-s4_77340845769030.jpg
SKRUF,SKRUF FRESH MINT S3 12MG,https://snusmart.com/products/skruf-fresh-mint-s3,,"MEDIUM, MINT",Default Title,73151265,4.09,/home/ubuntu/snusmart_data/images/skruf-fresh-mint-s3_77340923232582.jpg
SKRUF,SKRUF POLAR EUCALYPTUS S3 17MG,https://snusmart.com/products/skruf-polar-eucalyptus,,"MINT, SKRUF, STRONG",Default Title,7330196004555,4.09,/home/ubuntu/snusmart_data/images/skruf-polar-eucalyptus_77341263921478.jpg
SKRUF,SKRUF CRYSTAL FRESH EXTRA STRONG 16.6MG,https://snusmart.com/products/skruf-crystal-fresh-extra-strong,,"MEDIUM, MINT",Default Title,7340229800252,4.09,/home/ubuntu/snusmart_data/images/skruf-crystal-fresh-extra-strong_77340784656710.jpg
SKRUF,SKRUF FRESH MINT S4 15MG,https://snusmart.com/products/skruf-fresh-mint-s4,,"MEDIUM, MINT",Default Title,7330196002537,4.09,/home/ubuntu/snusmart_data/images/skruf-fresh-mint-s4_77341126263110.jpg
SNOWMAN,SNOWMAN WATERMELON BREEZE STRONG 20MG,https://snusmart.com/products/snowman-watermelon-breeze-strong,"<p><span class=""s2"">Snowman Watermelon Breeze</span></p> <p><strong><span class=""s2"">Discover the Juicy Flavor of </span><span class=""s2"">Snowman</span><span class=""s2""> Watermelon </span><span class=""s2"">Breeze </span><span class=""s2"">Nicotine Pouches</span></strong></p> <p><span>For those seeking a tantalizing twist on nicotine enjoyment, th</span><span>e </span><span class=""s2"">Snowman</span><span> </span><span class=""s2"">Watermelon </span><span class=""s2"">Breeze</span><span> nicotine pouches offer a burst of refreshing flavor coupled with a satisfying nicotine experience. Dive into the world of </span><span class=""s2"">Snowman Nicotine Pouches</span><span>, where strength meets the sweetness of summer.</span></p> <p><strong><span class=""s2"">Exhilarating Strength and Flavor</span></strong></p> <p><span class=""s2"">Snowman</span><span> </span><span class=""s2"">Watermelon </span><span class=""s2"">Breeze </span><span>is not just about its delightful watermelon flavor; it's also about providing a strong nicotine kick. With a </span><span class=""s2"">strength recommendation</span><span> that's classified as </span><span class=""s2"">Medium or </span><span class=""s2"">Strong</span><span>, each slim pouch is packed with </span><span>9 or </span><span>12 mg of nicotine, ensuring a robust experience for seasoned users. The all-white portion format delivers a clean, discreet usage, free from tobacco leaves.</span></p> <p><strong><span class=""s2"">Product Specifications</span></strong></p> <p><span>The </span><span class=""s2"">Snowman</span><span class=""s2""> Watermelon</span><span> </span><span class=""s2"">Breeze </span><span>nicotine pouches come in a </span><span class=""s3"">slim</span><span> format, designed for a comfortable fit under the lip. Each can contains </span><span class=""s3"">20 pouches</span><span>, with each pouch weighing </span><span class=""s3"">0.60 grams</span><span>. The </span><span class=""s3"">strong</span><span> strength level is complemented by a juicy </span><span class=""s3"">watermelon flavor</span><span>, making for a delightful sensory journey.</span></p> <p><strong><span class=""s2"">Consistency and Quality</span></strong></p> <p><span>Each pouch delivers consistent flavor and nicotine content, with </span><span class=""s3"">15 or </span><span class=""s3"">20 mg of nicotine per gram and a total can content of 12 grams.</span><span> Manufactured </span><span>in </span><span class=""s2"">Denmark</span><span>, </span><span></span><span class=""s2"">Snowman </span><span class=""s2"">Watermelon </span><span class=""s2"">Breeze</span><span> </span><span>nicotine pouches are a testament to quality and reliability.</span></p> <p><strong><span class=""s2"">Enjoy Anytime, Anywhere</span></strong></p> <p><span>Whether you're at work, at home, or on the go</span><span class=""s2"">, </span><span class=""s2"">Snowman </span><span class=""s2"">Watermelon</span><span> </span><span class=""s2"">Breeze</span><span> </span><span>nicotine pouches are the perfect companion for a discreet and enjoyable nicotine experience. The all-white portion means no staining and no need to spit, maintaining your poise while enjoying the strong, flavorful punch.</span></p> <p><strong><span class=""s2"">How to Use </span><span class=""s2"">Snowman</span><span class=""s2""> Watermelon </span><span class=""s2"">Breeze </span><span class=""s2"">Nicotine Pouches</span></strong></p> <p><span>Using </span><span class=""s2"">Snowman</span><span class=""s2""> Watermelon</span><span> </span><span class=""s2"">Breeze</span><span> </span><span>is simple: place a pouch under your upper lip and let the flavor and nicotine release gradually. The slim format ensures a discreet and comfortable experience, allowing you to savor the moment without any hassle.</span></p> <p><strong><span class=""s2"">Ready to Elevate Your Nicotine Experience?</span></strong></p> <p><span>Embrace the strong, sweet, and refreshing taste of </span><span class=""s2"">Snowman </span><span class=""s2"">Watermelon</span><span class=""s2""> Breeze</span><span> nicotine pouches. With its alluring flavor and potent strength, it's the ideal choice for </span><span>those looking to enjoy nicotine without compromise. Visit</span><span> </span><span class=""s2"">Snowman </span><span>and add this exhilarating product to your collection today.</span></p>","MINT, SNOWMAN, STRONG",Default Title,601570136672,3.99,/home/ubuntu/snusmart_data/images/snowman-watermelon-breeze-strong_77339752726854.jpg; /home/ubuntu/snusmart_data/images/snowman-watermelon-breeze-strong_77339774124358.jpg
SNOWMAN,SNOWMAN ARCTIC KICK STRONG 20MG,https://snusmart.com/products/snowman-arctic-kick-strong-1,"<p><strong>Snowman Arctic Kick     </strong><br>Experience the exhilarating burst of freshness with Snowman Arctic Kick, a premium selection in the world of nicotine pouches. Designed for those who seek a strong and refreshing nicotine experience, Snowman Arctic Kick is the epitome of satisfaction in a slim, discreet format.</p> <p>    <br><strong>Refreshing Mint Flavour </strong>    <br>Each pouch of Snowman Arctic Kick delivers a powerful mint flavour that invigorates your senses and provides a clean, all-white portion experience. The minty freshness not only stimulates your taste buds but also offers a pleasant aroma, making it a perfect companion for any time of the day.</p> <p><br><strong>Strong and Satisfying</strong><br>With a robust strength rating, Snowman Arctic Kick is tailored for those who desire a potent nicotine hit. Each slim pouch is packed with 9 or 12 mg of nicotine, ensuring that your cravings are met with every use. The high nicotine content of 15 or 20 mg per gram makes it a strong choice within the Snowman lineup.</p> <p><strong>    </strong><br><strong>Slim and Discreet</strong><br>The SLIM format of Snowman Arctic Kick is designed for discretion and comfort. The pouches fit neatly under your lip, providing a subtle way to enjoy nicotine without drawing attention. With 20 pouches per can, you can be confident that you'll have enough to last through your day-to-day activities.</p> <p><br><strong>Quality and Convenience</strong>     <br>Manufactured in Denmark, Snowman Arctic Kick stands for quality and convenience. Each 0.60 gram pouch is crafted with care, ensuring a consistent and enjoyable experience. The 12-gram can is easy to carry and keeps your nicotine pouches fresh and ready whenever you need them.     <br>Embrace the refreshing power of mint and the satisfying strength of nicotine with Snowman Arctic Kick. It's more than just a nicotine pouch; it's a sensory journey that redefines your nicotine experience. Try it today and feel the difference.     <br></p>","EXOTIC FRUITS, FRUIT, SNOWMAN, STRONG",Default Title,601570136450,3.99,/home/ubuntu/snusmart_data/images/snowman-arctic-kick-strong-1_77340477784390.jpg; /home/ubuntu/snusmart_data/images/snowman-arctic-kick-strong-1_77340460515654.jpg
SNOWMAN,SNOWMAN TROPICAL PUNCH STRONG 20MG,https://snusmart.com/products/snowman-tropical-punch-strong,"<p><strong>Snowman Tropical Punch</strong><br>Embark on a flavourful journey with the vibrant and refreshing Snowman Tropical Punch nicotine pouches. This premium product, brought to you by the innovative Snowman brand, is designed for those who seek an exhilarating taste experience combined with a strong nicotine kick. Perfect for the adventurous spirit, Snowman Tropical Punch  invites you to savor the essence of paradise with every pouch.</p> <p><strong>Exquisite Tropical Flavor</strong><br>Snowman Tropical Punch  nicotine pouches are infused with the luscious flavours of tropical fruits, delivering a burst of sun-kissed sweetness that tantalizes your taste buds. The alluring aroma and taste capture the essence of an exotic getaway, making every moment feel like a blissful escape.</p> <p><br><strong>Streamlined Comfort and Strength</strong><br>Designed with a modern consumer in mind, Snowman Tropical Punch  pouches come in a slim format, ensuring a discreet and comfortable fit under the lip. Each can contains 20 pouches, with each pouch weighing 0,60 grams. Despite their compact size, these pouches pack a punch with a strong nicotine content of 9 or 12 mg per pouch and 15 or 20 mg of nicotine per gram, providing a satisfying and long-lasting nicotine release.</p> <p><br><strong>All White, All Quality</strong><br>The Snowman Tropical Punch  nicotine pouches are an all white portion product, meaning they are tobacco-free and won't stain your teeth. Each pouch is meticulously crafted to deliver a consistent flavor and nicotine experience without any compromise on quality.</p> <p><br><strong>Made by Experts</strong><br>Snowman Tropical Punch  is a proud creation in Denmark, a manufacturer known for their commitment to quality and innovation in the nicotine pouch industry. Each can contains 12 grams of product, ensuring that you have enough to last through your day-to-day activities.</p> <p><br><strong>Your Next Step to Tropical Bliss</strong><br>Whether you're at work, home, or on the go, Snowman Tropical Punch nicotine pouches are the perfect companion for a refreshing nicotine experience. Embrace the taste of the tropics and elevate your nicotine enjoyment to new heights. Dive into the world of Snowman and let the tropical breeze carry you away.<br>Experience the difference today and make Snowman Tropical Punch  your choice for a superior nicotine experience.</p>","BANANA, COCONUT, MANGO, PINEAPPLE, SNOWMAN, STRONG",Default Title,601570136511,3.49,/home/ubuntu/snusmart_data/images/snowman-tropical-punch-strong_77339973845318.jpg; /home/ubuntu/snusmart_data/images/snowman-tropical-punch-strong_77339966832966.jpg
SNOWMAN,SNOWMAN FRESH MINT STRONG 20MG,https://snusmart.com/products/snowman-fresh-mint-strong,"<p><strong>Snowman Fresh Mint: A Blend of Strength and Freshness  </strong>   <br>Snowman Fresh Mint is not just any nicotine pouch; it's a harmonious blend of potent strength and cooling mint flavor. Each slim pouch is crafted for a comfortable fit under the lip, delivering a steady release of nicotine coupled with a crisp minty taste that refreshes your senses. With 20 pouches per can, you have enough to keep you satisfied throughout your day.</p> <p><br><strong>Strength That Satisfies</strong><br>Snowman Fresh Mint is tailored for those who recommend a strong nicotine experience. Each pouch contains 9 or 12 mg of nicotine, ensuring that your craving is met with each use. The high nicotine content of 15 or 20 mg per gram positions  Snowman Fresh Mint as a top choice for seasoned users seeking a powerful and long-lasting sensation.</p> <p><br><strong>Refreshing Mint Flavor</strong><br>The mint flavor in Snowman Fresh Mint is carefully selected to provide a cool and refreshing taste that complements the nicotine strength. It's the perfect choice for moments when you need a quick pick-me-up or simply want to enjoy a burst of freshness on your palate.</p> <p><br><strong>Convenient and Discreet Enjoyment</strong><br>With its slim format, Snowman Fresh Mint pouches offer a discreet way to enjoy nicotine without drawing attention. The all-white portion means there's no risk of staining your teeth, making it an ideal choice for those who prioritize appearance and hygiene.</p> <p><br><strong>Quality You Can Trust</strong><br>Manufactured by in Denmark, Snowman Fresh Mint nicotine pouches are synonymous with quality and reliability. Each can is a testament to the manufacturer's commitment to providing a superior nicotine experience.<br>Take the Leap with Snowman Fresh Mint<br>Whether you're transitioning from traditional tobacco products or simply looking for a strong, minty nicotine option, Snowman Fresh Mint is the perfect companion. Its strong formula, refreshing taste, and discreet usage make it a standout choice in the nicotine pouch market. Embrace the invigorating sensation of Snowman Fresh Mint and elevate your nicotine experience to new heights.<br></p>","MINT, SNOWMAN, STRONG",Default Title,601570136498,3.99,/home/ubuntu/snusmart_data/images/snowman-fresh-mint-strong_77340055765318.jpg; /home/ubuntu/snusmart_data/images/snowman-fresh-mint-strong_77340651618630.jpg
SNOWMAN,SNOWMAN CITRUS BOOST MEDIUM 12MG,https://snusmart.com/products/snowman-citrus-boost-strong-copy-1,"<p><strong>Snowman Citrus Boost     </strong><br>Embark on a refreshing journey with the invigorating Snowman Citrus Boost nicotine pouches. Designed for those who crave a zesty twist in their nicotine experience, these pouches are a perfect blend of flavor and strength. As part of the esteemed Snowman brand, Snowman Citrus Boost stands out as a premium choice within the nicotine pouches category, offering a unique all-white portion that delivers both taste and satisfaction.</p> <p><br><strong>Refreshing Citrus Flavor</strong><br>Snowman Citrus Boost is a delightful escape from the ordinary, offering a strong yet balanced citrus flavor that tantalizes your taste buds. Each pouch is carefully crafted to provide a consistent and enjoyable experience, ensuring that every moment is as pleasurable as the last. Whether you're looking to switch up your routine or simply seeking a new taste sensation, Snowman Citrus Boost is the perfect choice.</p> <p>   <br><strong>Sleek and Discreet     </strong><br>With a SLIM format, these nicotine pouches are designed for discretion and comfort. The slim profile fits neatly under your lip, making it easy to enjoy your nicotine discreetly, anytime and anywhere. Each can contains 20 pouches, with each pouch weighing 0,60 grams, providing a satisfying experience without the bulk.</p> <p><br><strong>Strong and Satisfying     </strong><br>Snowman Citrus Boost nicotine pouches are classified as STRONG, with each pouch containing 9 or 12 mg of nicotine and 15 or 20 mg of nicotine per gram. This strength is ideal for experienced users looking for a robust nicotine kick. The all-white portion design means no staining and a clean usage experience, keeping your smile bright and your enjoyment pure.</p>","EXOTIC FRUITS, FRUIT, MEDIUM, SNOWMAN",Default Title,601570136467,3.99,/home/ubuntu/snusmart_data/images/snowman-citrus-boost-strong-copy-1_80884804288838.jpg
SNOWMAN,SNOWMAN RASPBERRY BLAST STRONG 20MG,https://snusmart.com/products/snowman-raspberry-blast-strong,"<p><span class=""s2"">Snowman Raspberry Blast</span></p> <p><strong><span class=""s2"">Discover the Bold Taste of </span><span class=""s2"">Snowman</span><span class=""s2""> Raspberry </span><span class=""s2"">Blast </span><span class=""s2"">Nicotine Pouches</span></strong></p> <p><span>Embark on a flavorful journey with the </span><span class=""s2"">Snowman</span><span class=""s2""> Raspberry</span><span class=""s2""> Blast</span><span>, a premium selection from the renowned </span><span class=""s2"">Snowman</span><span> </span><span>brand. These nicotine pouches offer a </span><span>medium and </span><span>strong, satisfying experience, perfectly blending the invigorating taste of raspberry with a potent nicotine kick.</span></p> <p><strong><span class=""s2"">Snowman</span><span class=""s2""> - A Brand Synonymous with Quality</span></strong></p> <p><span>When you choose</span><span> </span><span class=""s2"">Snowman</span><span> </span><span>you're not just getting a nicotine pouch; you're indulging in a product crafted </span><span>in </span><span class=""s2"">Denmark</span><span> by</span><span> manufacturer known for its commitment to excellence. </span><span class=""s2"">Snowman</span><span> stands out in the world of </span><span class=""s2"">NICOTINE POUCHES</span><span> for its innovative flavors and reliable strength.</span></p> <p><strong><span class=""s2"">Experience the All White Portion Revolution</span></strong></p> <p><span>The </span><span class=""s2"">Snowman</span><span class=""s2""> Raspberry </span><span class=""s2"">Blast</span><span> </span><span>is part of the cutting-edge </span><span class=""s2"">ALL WHITE PORTION</span><span> category, offering a clean and discreet way to enjoy nicotine without the tobacco. Each slim pouch is designed to fit comfortably under your lip, providing a smooth, long-lasting release of flavor and nicotine.</span></p> <p><strong><span class=""s2"">Strong Sensation for the Experienced User</span></strong></p> <p><span>With a </span><span class=""s2"">STRENGTH</span><span> recommendation of </span><span>Medium and </span><span>Strong, </span><span class=""s2"">Snowman</span><span class=""s2""> Raspberry</span><span class=""s2""> Blast</span><span>is tailored for those who are no strangers to nicotine. Each pouch packs a substantial </span><span>9 or </span><span>12 mg of nicotine, ensuring that your craving is met with a swift and satisfying punch.</span></p> <p><strong><span class=""s2"">Flavor That Delights</span></strong></p> <p><span>The rich and tangy flavor of RASPBERRY in </span><span class=""s2"">Snowman</span><span class=""s2"">'s</span><span> nicotine pouches is crafted for those who appreciate a fruity twist to their nicotine experience. The taste is fresh, authentic, and lingers pleasantly, providing an enjoyable alternative to traditional tobacco products.</span></p> <p><strong><span class=""s2"">Convenient and Clean</span></strong></p> <p><span class=""s2"">Snowman </span><span class=""s2"">Raspberry </span><span class=""s2"">Blast</span><span> </span><span>nicotine pouches are tobacco-free, which means no more smoke, no more spitting, and no more tobacco stains. They are the perfect companion for the modern, health-conscious individual who doesn't want to compromise on taste or satisfaction.</span></p> <p><strong><span class=""s2"">Ready to Elevate Your Nicotine Experience?</span></strong></p> <p><span>Join the ranks of those who have discovered the superior quality of </span><span class=""s2"">Snowman</span><span>. Whether you're at work, at home, or on the go, </span><span class=""s2"">Snowman</span><span class=""s2""> Raspberry </span><span class=""s2"">Blast</span><span> </span><span>nicotine pouches </span><span>provide a discreet way to enjoy nicotine without interruption. Embrace the bold, embrace the flavor, and make </span><span class=""s2"">Snowman</span><span class=""s2""> Raspberry</span><span class=""s2""> Blast</span><span> your choice today.</span></p>","MINT, RASPBERRY, SNOWMAN, STRONG",Default Title,601570136658,3.99,/home/ubuntu/snusmart_data/images/snowman-raspberry-blast-strong_77339422851398.jpg; /home/ubuntu/snusmart_data/images/snowman-raspberry-blast-strong_77339532427590.jpg
SNOWMAN,SNOWMAN CITRUS BOOST STRONG 20MG,https://snusmart.com/products/snowman-arctic-kick-strong,"<p><strong>Snowman Citrus Boost     </strong><br>Embark on a refreshing journey with the invigorating Snowman Citrus Boost nicotine pouches. Designed for those who crave a zesty twist in their nicotine experience, these pouches are a perfect blend of flavor and strength. As part of the esteemed Snowman brand, Snowman Citrus Boost stands out as a premium choice within the nicotine pouches category, offering a unique all-white portion that delivers both taste and satisfaction.</p> <p><br><strong>Refreshing Citrus Flavor</strong><br>Snowman Citrus Boost is a delightful escape from the ordinary, offering a strong yet balanced citrus flavor that tantalizes your taste buds. Each pouch is carefully crafted to provide a consistent and enjoyable experience, ensuring that every moment is as pleasurable as the last. Whether you're looking to switch up your routine or simply seeking a new taste sensation, Snowman Citrus Boost is the perfect choice.</p> <p>   <br><strong>Sleek and Discreet     </strong><br>With a SLIM format, these nicotine pouches are designed for discretion and comfort. The slim profile fits neatly under your lip, making it easy to enjoy your nicotine discreetly, anytime and anywhere. Each can contains 20 pouches, with each pouch weighing 0,60 grams, providing a satisfying experience without the bulk.</p> <p><br><strong>Strong and Satisfying     </strong><br>Snowman Citrus Boost nicotine pouches are classified as STRONG, with each pouch containing 9 or 12 mg of nicotine and 15 or 20 mg of nicotine per gram. This strength is ideal for experienced users looking for a robust nicotine kick. The all-white portion design means no staining and a clean usage experience, keeping your smile bright and your enjoyment pure.</p>","EXOTIC FRUITS, FRUIT, SNOWMAN, STRONG",Default Title,601570136474,3.99,/home/ubuntu/snusmart_data/images/snowman-arctic-kick-strong_77340544598342.jpg; /home/ubuntu/snusmart_data/images/snowman-arctic-kick-strong_77340592505158.jpg
STNG,STNG BUBBLE 16.7MG,https://snusmart.com/products/stng-bubble,,"BUBBLEGUM, MEDIUM, STNG",Default Title,5694230636631,3.79,/home/ubuntu/snusmart_data/images/stng-bubble_80704270958918.jpg
STNG,STNG COLA CHERRY 16.7MG,https://snusmart.com/products/stng-cola-cherry,,"cherry, COLA, MEDIUM, STNG",Default Title,5694230637621,3.79,/home/ubuntu/snusmart_data/images/stng-cola-cherry_80704272761158.jpg
STNG,STNG RASPBERRY 16.7MG,https://snusmart.com/products/stng-raspberry,,"MEDIUM, RASPBERRY, STNG",Default Title,5694230637607,3.79,/home/ubuntu/snusmart_data/images/stng-raspberry_80704273842502.jpg
STNG,STNG BERRY SELTZER 16.7MG,https://snusmart.com/products/stng-berry-seltzer,,"BLUEBERRY, MEDIUM, RASPBERRY, STNG, STRAWBERRY",Default Title,5694230637645,3.79,/home/ubuntu/snusmart_data/images/stng-berry-seltzer_80704269844806.jpg
STNG,STNG MELLOW MINT 16.7MG,https://snusmart.com/products/stng-mellow-mint,,"MEDIUM, MINT, STNG",Default Title,5694230636655,3.79,/home/ubuntu/snusmart_data/images/stng-mellow-mint_80704269222214.jpg
STNG,STNG COLA CHERRY MAX 50MG,https://snusmart.com/products/stng-cola-cherry-max,,"cherry, COLA, EXTRA STRONG, STNG",Default Title,5694230637614,3.79,/home/ubuntu/snusmart_data/images/stng-cola-cherry-max_80704273383750.jpg
STNG,STNG RASPBERRY MAX 50MG,https://snusmart.com/products/stng-raspberry-max,,"EXTRA STRONG, RASPBERRY, STNG",Default Title,5694230636648,3.79,/home/ubuntu/snusmart_data/images/stng-raspberry-max_80704274366790.jpg
STNG,STNG BUBBLE MAX 50MG,https://snusmart.com/products/stng-bubble-max,,"BUBBLEGUM, EXTRA STRONG, STNG",Default Title,5694230636716,3.79,/home/ubuntu/snusmart_data/images/stng-bubble-max_80704271810886.jpg
STNG,STNG BERRY SELTZER MAX 50MG,https://snusmart.com/products/stng-berry-seltzer-max,,"BLUEBERRY, EXTRA STRONG, RASPBERRY, STNG, STRAWBERRY",Default Title,5694230637683,3.79,/home/ubuntu/snusmart_data/images/stng-berry-seltzer-max_80704270598470.jpg
STNG,STNG DOUBLE MINT MAX 50MG,https://snusmart.com/products/stng-double-mint-max,,"EXTRA STRONG, MINT, STNG",Default Title,5694230636679,3.79,/home/ubuntu/snusmart_data/images/stng-double-mint-max_80704269549894.jpg
VELO,VELO CRISPY PEPPERMINT 14.3MG,https://snusmart.com/products/velo-ice-cool,"<h2><b>VELO ICE COOL</b></h2> <p><span style=""font-weight: 400;"">Affordable VELO ICE COOL MINT, formerly known as LYFT ice cool, has a taste of peppermint and menthol. Velo Ice Cool Mint is a medium-strong VELO variant. Velo products do not contain tobacco and are therefore categorized as nicotine pouches, not snus. If you prefer a milder version of nicotine pouches, it can be substituted with the regular Velo Mint variant. On the other hand, if you need something stronger, Velo Freeze X-Strong is also a sensible choice and is one of the best-selling variants in terms of nicotine pouches. VELO nicotine pouches do not contain tobacco and therefore cannot be categorized as snus. All VELO products are made from natural eucalyptus plant fibers infused with nicotine. At SnusMart, we strive to deliver the best service. We do this through active customer service, around the clock, lightning-fast delivery, and Denmark's absolute best prices. Additionally, our customers benefit from the best global price on VELO. The goal of SnusMart is to offer the absolute best prices and the best advice to snus users worldwide. The team behind</span><a href=""https://snusmart.com/""><span style=""font-weight: 400;""> www.snusmart.com</span></a><span style=""font-weight: 400;""> has been involved in advising and selling snus, nicotine pouches, and other Swedish tobacco products for 8 years. Therefore, we have comprehensive knowledge of every product sold in the shop. Furthermore, we have a large network within the tobacco substitute and tobacco industry, ensuring you a broad and competitively priced selection. See Our Other VELO Products: </span><a href=""https://snusmart.com/velo/""><span style=""font-weight: 400;"">click here</span></a><span style=""font-weight: 400;"">.</span> <br></p> <h2><b>Velo Ice Cool – Nicotine pouches with a cooling effect</b></h2> <p><span style=""font-weight: 400;"">Velo Ice Cool is a popular type of nicotine pouch known for its cooling effect. This type of nicotine pouch is an alternative to traditional tobacco products and is a healthier way to get your nicotine. In this article, we will take a closer look at what Velo is, how it works, and why you should choose it.</span></p> <h2><b>What is Velo Ice Cool?</b></h2> <p><span style=""font-weight: 400;"">Velo is a type of nicotine pouch made from natural ingredients and free from tobacco and other harmful substances. The nicotine pouches are small bags containing nicotine and a filler, typically plant fibers. Velo is known for its cooling effect, which provides a refreshing experience and a pleasant taste of mint. This means it is less harmful to your health than traditional tobacco products.</span></p> <h2> <b>How do nicotine pouches work?</b><span style=""font-weight: 400;""> </span> </h2> <p><span style=""font-weight: 400;"">Velo Ice works by placing the pouches between the lip and gum, where they gradually release nicotine over a period of up to an hour. The nicotine is absorbed into the bloodstream through the mucous membranes in the mouth, providing a quick and effective nicotine experience. The cooling effect in Velo Ice Cool is often due to the addition of menthol or other ingredients that provide a refreshing and cooling sensation in the mouth. This makes it an ideal way to get your nicotine, especially on hot summer days or when you need a refreshment.</span></p> <h2> <b>Why choose Velo?</b><span style=""font-weight: 400;""> </span> </h2> <p><span style=""font-weight: 400;"">Velo Ice Cool is a good alternative to traditional tobacco products as it is free from tobacco and other harmful substances. It is also more economically advantageous in the long run. Most importantly, it is a healthier way to get your nicotine as it does not produce smoke or odor and is less harmful to your health. Velo is also an ideal way to get a refreshment and cooling, especially on hot summer days or when you need a quick refreshment. The cooling effect provides a pleasant sensation in the mouth and is ideal for those seeking an alternative way to get their nicotine. Finally, there are a variety of flavors available, such as mint, citrus, and berry. This means you can find a variant that suits your preferences and taste. No matter which variant you choose, you are sure to get a refreshing and pleasant experience with Velo Ice Cool.</span></p>","MEDIUM, MINT, VELO",Default Title,7350126717843,3.99,/home/ubuntu/snusmart_data/images/velo-ice-cool_78594369782086.jpg
VELO,VELO CRISPY PEPPERMINT ZERO,https://snusmart.com/products/velo-ice-cool-zero,"<h2><span id=""input-sentence~0"">Buy VELO Ice Cool Zero Online</span></h2> <p><span id=""input-sentence~0"">Take a look at VELO Ice Cool Zero The nicotine-free pouch that offers the user a refreshing burst of mint taste. This is the perfect product for people who appreciate the minty taste but without the nicotine.</span><span id=""input-sentence~1""><span> </span>It’s the best product for people who want to enjoy the taste but without the negative effects. If you’re brand new to pouches, or simply looking for an option that isn’t smoky, VELO Ice Cool Zero is an excellent option.</span></p> <h2><span id=""input-sentence~2"">Why Should You Use Velo Ice Cool Zero?</span></h2> <p><span id=""input-sentence~2"">VELO Ice Cool Zero Pouches have a refreshing mint taste that gives you a revitalizing and cool sensation. Perfect for people who appreciate fresh and crisp taste. They are made with top-quality ingredients and they provide a consistent and pleasant minty taste each time.</span><span id=""input-sentence~3""><span> </span>If you like a robust mint taste that makes your mouth feel cooling aftertaste, Try VELO Ice Cool!</span></p> <h2><span id=""input-sentence~3"">Why Should You Buy Velo Ice Cool Zero?</span></h2> <p><span id=""input-sentence~3"">VELO Ice Cool Zero can be an excellent choice due to several important factors.</span><span id=""input-sentence~4""><span> </span>It has a fresh mint taste that gives you a reviving and refreshing sensation. It is perfect for people who enjoy the fresh, clean flavor. It is made with top-quality ingredients. these bags ensure consistently enjoyable and pleasant mint flavor each time.</span><span id=""input-sentence~5""><span> </span>Furthermore, VELO Ice Cool Zero has no nicotine, making it an ideal choice for people who wish to indulge in the taste without nicotine.</span></p> <h2><b>Snusmart.com range of Flavors from VELO</b></h2> <p><span>On SnusMart.com You’ll discover many different VELO flavors that will satisfy every preference. VELO is renowned for their premium nicotine pouches that provide a smooth and pleasant tasting experience. Some of the most popular flavors are VELO Ice Cool Mint as well as the exuberant VELO Tropic Breeze. Each flavor is created to create a distinctive satisfying nicotine taste. Discover the entire selection of VELO flavor options at SnusMart.com to find the perfect flavor!</span><span><br></span><span><br></span><span>Here are three of the most popular VELO flavors:</span><span><br></span></p> <p><b>VELO Mint</b><span>: A minty and refreshing flavor to give you an energy-boosting nicotine rush.</span><span><br></span><b>VELO EUCALYPTUS:</b><span> </span><span>Experience the clean and soothing flavor of eucalyptus, perfect for a refreshing and calming sensation.</span><span><br></span><b>VELO Tropic Breeze</b><b>:</b><span> A tropical taste with exotic fruit for an invigorating nicotine rush.</span><br></p> <h2><b>About VELO</b></h2> <p><span>VELO is one of the top brands for Nicotine pouches. They are well-known for high-quality products as well as their innovative flavor offerings. It is designed to provide those seeking an smoke-free and non-spitting nicotine experience. VELO pouches are discrete and user-friendly. Each pouch delivers a consistent as well as satisfying nicotine rush and is a popular choice among those who use it. VELO provides a broad range of flavors that range from cool Ice Cool Mint to the delicious Liquorice and the exotic Tropic Breeze. With VELO you will be able to experience the best nicotine experience anytime, wherever.</span></p> <!---->",NICOTINE FREE,Default Title,5715345011080,3.99,/home/ubuntu/snusmart_data/images/velo-ice-cool-zero_78593234731334.jpg
VELO,VELO ARCTIC GRAPEFRUIT 8.5MG,https://snusmart.com/products/velo-frosty-grapefruit,,"GRAPE, MEDIUM, MINT, VELO",Default Title,5715345026503,3.99,/home/ubuntu/snusmart_data/images/velo-frosty-grapefruit_78648023122246.jpg
VELO,VELO PEPPERMINT STORM 15.5MG,https://snusmart.com/products/velo-cool-storm,"<h2 class=""MsoNormal""><b><span lang=""EN-GB"">Buy VELO Cool Storm Online</span></b></h2> <p class=""MsoNormal""><span lang=""EN-GB"">Experience the refreshing rush of VELO Cool Storm, a nicotine pouch that delivers an icy blend of mint and menthol. Perfect for those who crave a crisp and powerful flavour, VELO Cool Storm offers a revitalizing experience that leaves you wanting more. Designed for users seeking a bold, cooling sensation, this pouch is an essential choice for a satisfying nicotine experience.</span></p> <h2 class=""MsoNormal""><b><span lang=""EN-GB"">Why Should You Use VELO Cool Storm?</span></b></h2> <p class=""MsoNormal""><span lang=""EN-GB"">Try VELO Cool Storm for an exhilarating burst of minty freshness. This nicotine pouch is ideal for those who prefer a sharp and invigorating taste without the need for tobacco. VELO Cool Storm is crafted to satisfy those seeking a strong, cooling hit, offering a consistent and energizing flavour. It’s the perfect option for anyone looking to enhance their nicotine experience with a cool, refreshing twist.</span></p> <h2 class=""MsoNormal""><b><span lang=""EN-GB"">Why You Should Buy VELO Cool Storm</span></b></h2> <p class=""MsoNormal""><span lang=""EN-GB"">VELO Cool Storm is perfect for individuals who enjoy a potent mint and menthol flavour in a convenient and portable design. Whether you’re at work, out with friends, or relaxing at home, you can easily carry VELO Cool Storm with you. The refreshing taste offers a cleaner alternative to traditional smoking, providing a more convenient way to enjoy nicotine.</span></p> <h2 class=""MsoNormal""><b><span lang=""EN-GB"">SnusMart.com Range of Flavors from VELO</span></b></h2> <p class=""MsoNormal""><span lang=""EN-GB"">At SnusMart.com, you’ll find a wide variety of VELO flavours to suit every taste. VELO is known for its high-quality nicotine pouches that provide a smooth and satisfying experience. Some of the most popular flavours include VELO Freeze, VELO Ice Cool, and VELO Freeze Max. Each flavour is crafted to offer a unique and enjoyable nicotine experience. Explore the full range of VELO flavours at SnusMart.com to find your perfect match!</span></p> <h2 class=""MsoNormal""><b><span lang=""EN-GB"">Here are four of the most popular VELO flavours:</span></b></h2> <p class=""MsoNormal""><span lang=""EN-GB""><a href=""https://snusmart.com/products/velo-freeze""><b>VELO Freeze:</b></a> Experience an icy burst of menthol for a strong, refreshing nicotine hit.</span></p> <p class=""MsoNormal""><span lang=""EN-GB""><a href=""https://snusmart.com/products/velo-ice-cool""><b>VELO Ice Cool:</b></a> A minty fresh flavour that delivers an energizing and cooling nicotine rush.</span></p> <p class=""MsoNormal""><span lang=""EN-GB""><a href=""https://snusmart.com/products/velo-freeze-max""><b>VELO Freeze Max:</b></a> For those who want an even more intense menthol experience, VELO Freeze Max offers maximum refreshment.</span></p> <p class=""MsoNormal""><span lang=""EN-GB""><b>VELO Mint:</b> A classic mint flavour, providing a refreshing and smooth nicotine sensation.</span></p> <h2 class=""MsoNormal""><b><span lang=""EN-GB"">About VELO</span></b></h2> <p class=""MsoNormal""><span lang=""EN-GB"">VELO is a leading brand in the nicotine pouch industry, recognized for its quality and innovation. Designed for those seeking a smoke-free and spit-free nicotine experience, VELO pouches are discreet and easy to use. Each pouch delivers a consistent nicotine hit, making it a favourite among users. With a wide range of flavours, VELO ensures there’s something for everyone, providing the ultimate nicotine experience anytime, anywhere.</span></p>","MEDIUM, MINT, VELO",Default Title,5715345000589,3.99,/home/ubuntu/snusmart_data/images/velo-cool-storm_78594044264774.jpg
VELO,VELO ZESTY ELDERFLOWER 8MG,https://snusmart.com/products/velo-zesty-elderflower,,"LIME, VELO, WEAK",Default Title,5715345008424,3.99,/home/ubuntu/snusmart_data/images/velo-zesty-elderflower_78592558203206.jpg
VELO,VELO FREEZING PEPPERMINT 6 (MAX) 24MG,https://snusmart.com/products/velo-freeze-max,"<h2><span>Buy VELO Freeze Max Online </span></h2> <p><span id=""input-sentence~0"">Elevate your nicotine experience to the next level by using the VELO Freeze Max. This nicotine pouch with high intensity provides a hefty dose of cold menthol ideal for people looking for a potent and refreshing taste.</span><span id=""input-sentence~1""><span> </span>The VELO Freeze Max was created to deliver a powerful and stimulating experience. It makes the perfect alternative for people who wants to enhance the pleasure of smoking nicotine.</span></p> <h2><span>Why You Should Use VELO Freeze Max? </span></h2> <p><span>VELO Freeze Max offers an intense and icy mint flavor that delivers a powerful, refreshing burst. Perfect for those who love a strong, invigorating mint sensation, it leaves your mouth feeling exceptionally cool and revitalized. If you crave a bold mint experience, VELO Freeze Max is the ideal choice.</span></p> <h2><span>Why You Should Buy VELO Freeze Max?</span></h2> <p><span>VELO Freeze Max is perfect for those who want a really strong menthol experience. Its powerful flavor and small, easy-to-carry design make it great for any situation, whether you’re on the go, at work, or just chilling at home. The intense menthol burst is ideal for those who need a quick and effective refresh. VELO Freeze Max offers a superior alternative to traditional smoking, providing a cleaner and more convenient way to enjoy nicotine.</span></p> <h2><b>Snusmart.com range of Flavors from VELO</b></h2> <p>On SnusMart You’ll discover many different VELO flavors that will satisfy every preference. VELO is renowned for their premium nicotine pouches that provide a smooth and pleasant tasting experience. Some of the most popular flavors are VELO Ice Cool Mint as well as the exuberant VELO Tropic Breeze. Each flavor is created to create a distinctive satisfying nicotine taste. Discover the entire selection of VELO flavor options at SnusMart.com to find the perfect flavor!<br><br>Here are three of the most popular VELO flavors:<br></p> <p><b>VELO Mint</b><span>: A minty and refreshing flavor to give you an energy-boosting nicotine rush.</span><span><br></span><b>VELO EUCALYPTUS:</b><span> </span><span>Experience the clean and soothing flavor of eucalyptus, perfect for a refreshing and calming sensation.</span><span><br></span><b>VELO Tropic Breeze</b><b>:</b><span> A tropical taste with exotic fruit for an invigorating nicotine rush.</span><br></p> <h2><b>About VELO</b></h2> <p><span>VELO is one of the top brands for Nicotine pouches. They are well-known for high-quality products as well as their innovative flavor offerings. It is designed to provide those seeking an smoke-free and non-spitting nicotine experience. VELO pouches are discrete and user-friendly. Each pouch delivers a consistent as well as satisfying nicotine rush and is a popular choice among those who use it. VELO provides a broad range of flavors that range from cool Ice Cool Mint to the delicious Liqourice and the exotic Tropic Breeze. With VELO you will be able to experience the best nicotine experience anytime, wherever.</span></p> <!---->","MINT, STRONG, VELO",Default Title,5715345023809,3.99,/home/ubuntu/snusmart_data/images/velo-freeze-max_78594541912390.jpg
VELO,VELO CRISPY PEPPERMINT MINI 16MG,https://snusmart.com/products/velo-ice-cool-mini,,"MEDIUM, MINT, VELO",Default Title,7350126716846,3.99,/home/ubuntu/snusmart_data/images/velo-ice-cool-mini_58062416838982.jpg
VELO,VELO FREEZING PEPPERMINT 15.5MG,https://snusmart.com/products/velo-freeze,"<h2><span id=""input-sentence~0"">Buy VELO Freeze Online</span></h2> <p><span id=""input-sentence~0"">Try VELO Freeze for a super cool burst of menthol flavor. This nicotine pouch is perfect for people who want a strong, refreshing taste. Designed for those who crave a powerful menthol hit, VELO Freeze elevate your experience that will keep you coming back for more.</span><span id=""input-sentence~1""><span> </span>It’s ideal for anyone looking to elevate their nicotine experience with a bold and icy flavor.</span></p> <h2><span id=""input-sentence~1"">Why Should You Use VELO Freeze?</span></h2> <p><span id=""input-sentence~1"">You can try VELO Freeze to get an amazing burst of menthol. This nicotine pouch is great for those who prefer an intense and refreshing flavor.</span><span id=""input-sentence~2""><span> </span>The product is designed to satisfy those looking for strong menthol hits, VELO Freeze offers an exhilarating taste that keeps returning to try additional. It’s perfect for people who wants to enhance the experience of smoking nicotine by introducing an intense and refreshing taste.</span></p> <h2><span id=""input-sentence~3"">Why You Should Buy VELO Freeze</span></h2> <p><span id=""input-sentence~3"">The VELO Freeze is perfect for people who enjoy the strong menthol flavor. It’s compact and simple to carry around, meaning you can carry it wherever when you’re out at work and out with colleagues, or simply sitting in your home.</span><span id=""input-sentence~4""><span> </span>Its menthol flavor is a perfect choice for people seeking a refreshing and energizing enjoyment. VELO Freeze is an ideal alternative to smoking traditional cigarettes that offers a healthier and safer method to take nicotine.</span></p> <h2><b>Snusmart.com range of Flavors from VELO</b></h2> <p>On SnusMart.com You’ll discover many different VELO flavors that will satisfy every preference. VELO is renowned for their premium nicotine pouches that provide a smooth and pleasant tasting experience. Some of the most popular flavors are VELO Ice Cool Mint as well as the exuberant VELO Tropic Breeze. Each flavor is created to create a distinctive satisfying nicotine taste. Discover the entire selection of VELO flavor options at SnusMart.com to find the perfect flavor!<br><br>Here are three of the most popular VELO flavors:<br></p> <p><b>VELO Mint</b><span>: A minty and refreshing flavor to give you an energy-boosting nicotine rush.</span><span><br></span><span></span><b>VELO Tropic Breeze</b><b>:</b><span> A tropical taste with exotic fruit for an invigorating nicotine rush.</span><br></p> <h2><b>About VELO</b></h2> <p><span>VELO is one of the top brands for Nicotine pouches. They are well-known for high-quality products as well as their innovative flavor offerings. It is designed to provide those seeking an smoke-free and non-spitting nicotine experience. VELO pouches are discrete and user-friendly. Each pouch delivers a consistent as well as satisfying nicotine rush and is a popular choice among those who use it. VELO provides a broad range of flavors that range from cool Ice Cool Mint to the delicious Liquorice and the exotic Tropic Breeze. With VELO you will be able to experience the best nicotine experience anytime, wherever.</span></p> <!---->","MEDIUM, MINT, VELO",Default Title,5715345023786,3.99,/home/ubuntu/snusmart_data/images/velo-freeze_78594415296838.jpg
VELO,VELO SALTY LIQUORICE 14.3MG,https://snusmart.com/products/velo-liquorice,"<h1><b>VELO LIQUORICE</b></h1> <p><span style=""font-weight: 400;"">Affordable VELO Liquorice, also formerly known as LYFT Liquorice, has a taste of licorice. Velo Liquorice is a medium-strong VELO variant. Velo products do not contain tobacco and are therefore categorized as nicotine pouches, not snus. If you prefer a milder version of nicotine pouches, it can be substituted with the regular Velo Mint variant. On the other hand, if you need something stronger, Velo Freeze X-Strong is also a sensible choice and is one of the best-selling variants in terms of nicotine pouches. VELO nicotine pouches do not contain tobacco and therefore cannot be categorized as snus. All VELO products are made from natural eucalyptus plant fibers infused with nicotine. At SnusMart, we strive to deliver the best service. We do this through active customer service, around the clock, lightning-fast delivery, and Denmark's absolute best prices. Additionally, our customers benefit from the best global price on VELO. The goal of SnusMart is to offer the absolute best prices and the best advice to snus users worldwide. The team behind</span><a href=""https://snusmart.com/""> <span style=""font-weight: 400;"">www.snusmart.com</span></a><span style=""font-weight: 400;""> has been involved in advising and selling snus, nicotine pouches, and other Swedish tobacco products for 8 years. Therefore, we have comprehensive knowledge of every product sold in the shop. Furthermore, we have a large network within the tobacco substitute and tobacco industry, ensuring you a broad and competitively priced selection. See Our Other VELO Products:</span> <a href=""https://snusmart.com/collections/velo""><span style=""font-weight: 400;"">Click here</span></a><span style=""font-weight: 400;"">.</span></p>","LIQUORICE, MEDIUM, VELO",Default Title,5715345008394,3.99,/home/ubuntu/snusmart_data/images/velo-liquorice_78594350285126.jpg
VELO,VELO PURPLE GRAPE MINI 11.9MG,https://snusmart.com/products/velo-purple-grape-mini,,"FRUITS, GRAPE, VELO, WEAK",Default Title,5715345023816,3.99,/home/ubuntu/snusmart_data/images/velo-purple-grape-mini_78062216380742.jpg
VELO,VELO GREEN SPEARMINT 8MG,https://snusmart.com/products/velo-green-spearmint,,"MEDIUM, MINT, VELO, WEAK",Default Title,5715345023762,3.99,/home/ubuntu/snusmart_data/images/velo-green-spearmint_78592333021510.jpg
VELO,VELO SOUR LIME MINI 9.6MG,https://snusmart.com/products/velo-sour-lime-mini,,"kiya kacha, LIME, MEDIUM, VELO",Default Title,5715345023861,3.99,/home/ubuntu/snusmart_data/images/velo-sour-lime-mini_77294297841990.jpg
VELO,VELO RUBY BERRY SLIM 10MG,https://snusmart.com/products/velo-ruby-berry-slim,,"BERRIES, MEDIUM",Default Title,5715345023830,3.99,/home/ubuntu/snusmart_data/images/velo-ruby-berry-slim_78592731709766.jpg
VELO,VELO FREEZING PEPPERMINT 5 (ULTRA) 20MG,https://snusmart.com/products/velo-freeze-ultra,"<h2><span id=""input-sentence~0"">Buy VELO Freeze Ultra Online</span></h2> <p><span id=""input-sentence~0"">Enhance your experience with nicotine by using VELO Freeze Ultra. This nicotine pouch is extremely strong and delivers an intense and lasting burst of cold menthol that is perfect for people looking for the perfect menthol experience.</span><span id=""input-sentence~1""><span> </span>VELO Freeze Ultra is designed to satisfy those who want the intense taste of menthol with nicotine hit.</span></p> <h2>Why You Should Use VELO Freeze Ultra?</h2> <p><span id=""input-sentence~1"">An intense, icy mint flavor is offered by VELO Freeze Ultra, providing a refreshing and cool sensation.</span><span id=""input-sentence~2""><span> </span>This flavor is perfect for those who enjoy a strong and crisp mint experience that leaves the mouth feeling fresh and revitalized. The clean, powerful mint taste is ideal for moments when a quick burst of freshness is needed. If bold and long-lasting mint flavors are loved, VELO Freeze Ultra is an excellent choice.</span></p> <h2><span id=""input-sentence~2"">Why You Should Buy VELO Freeze Ultra</span></h2> <p><span id=""input-sentence~2"">VELO Freeze Ultra delivers an extremely icy, minty flavor that gives a very fresh experience.</span><span id=""input-sentence~3""><span> </span>It’s ideal for people seeking a bold mint flavor which leaves your mouth fresh and cool. Its strong minty flavor is clean and fresh which makes it a popular choice of mint fans. If you like strong mint flavor that lasts for a long time, VELO Freeze Ultra is the perfect option.</span></p> <h2><b>Snusmart.com range of Flavors from VELO</b></h2> <p>On SnusMart.com You’ll discover many different VELO flavors that will satisfy every preference. VELO is renowned for their premium nicotine pouches that provide a smooth and pleasant tasting experience. Some of the most popular flavors are VELO Ice Cool Mint as well as the exuberant VELO Tropic Breeze. Each flavor is created to create a distinctive satisfying nicotine taste. Discover the entire selection of VELO flavor options at SnusMart.com to find the perfect flavor!<br><br>Here are three of the most popular VELO flavors:<br><br><b>VELO Mint</b>: A minty and refreshing flavor to give you an energy-boosting nicotine rush.<br><b>VELO EUCALYPTUS:</b> Experience the clean and soothing flavor of eucalyptus, perfect for a refreshing and calming sensation.<br><b>VELO Tropic Breeze</b><b>:</b> A tropical taste with exotic fruit for an invigorating nicotine rush.<br></p> <h2><b>About VELO</b></h2> <p><span>VELO is one of the top brands for Nicotine pouches. They are well-known for high-quality products as well as their innovative flavor offerings. It is designed to provide those seeking an smoke-free and non-spitting nicotine experience. VELO pouches are discrete and user-friendly. Each pouch delivers a consistent as well as satisfying nicotine rush and is a popular choice among those who use it. VELO provides a broad range of flavors that range from cool Ice Cool Mint to the delicious Liqourice and the exotic Tropic Breeze. With VELO you will be able to experience the best nicotine experience anytime, wherever.</span></p> <!---->","MINT, STRONG, VELO",Default Title,5715345023793,3.99,/home/ubuntu/snusmart_data/images/velo-freeze-ultra_78594589983046.jpg
VELO,VELO SIMPLY SPEARMINT MINI 9.5MG,https://snusmart.com/products/velo-simply-spearmint-mini,,"kiya kacha, MEDIUM, MINT, VELO",Default Title,5715345023885,3.99,/home/ubuntu/snusmart_data/images/velo-simply-spearmint-mini_77294487961926.jpg
VELO,VELO PURPLE GRAPE 14.3MG,https://snusmart.com/products/velo-royal-purple,<!---->,"GRAPE, MEDIUM, VELO",Default Title,5715345023823,3.99,/home/ubuntu/snusmart_data/images/velo-royal-purple_78593932427590.jpg
VELO,VELO WINTERY WATERMELON MINI 11.9MG,https://snusmart.com/products/velo-wintery-watermelon-mini,,"FRUITS, VELO, WATERMELON, WEAK",Default Title,5715345008479,3.99,/home/ubuntu/snusmart_data/images/velo-wintery-watermelon-mini_78062085144902.jpg
VELO,VELO DARK BLACKCURRANT 11.4MG,https://snusmart.com/products/velo-dark-blackcurrant,,"FRUITS, STRONG, VELO",Default Title,5715345031682,3.99,/home/ubuntu/snusmart_data/images/velo-dark-blackcurrant_80800311640390.jpg
VELO,VELO BRIGHT PEPPERMINT 8MG,https://snusmart.com/products/velo-bright-peppermint,,"MINT, STRONG, VELO",Default Title,5715345030890,3.99,/home/ubuntu/snusmart_data/images/velo-bright-peppermint_80800322552134.jpg
VELO,VELO STRAWBERRY ICE MINI 9.6MG,https://snusmart.com/products/velo-strawberry-ice-mini,,"kiya kacha, MEDIUM, STRAWBERRY, VELO",Default Title,8421881025449,3.99,/home/ubuntu/snusmart_data/images/velo-strawberry-ice-mini_79283453002054.jpg
VELO,VELO SHIFT HOT DRAGONFRUIT,https://snusmart.com/products/velo-shift-hot-dragonfruit,,,Default Title,5715345020686,4.99,/home/ubuntu/snusmart_data/images/velo-shift-hot-dragonfruit_81599784714566.jpg
VELO,VELO MANGO FLAME 14.3MG,https://snusmart.com/products/velo-mango-flame,,"CHILI, FRUITS, MANGO, MEDIUM",Default Title,5715345006512,3.99,/home/ubuntu/snusmart_data/images/velo-mango-flame_78592855507270.jpg
VELO,VELO SHIFT HOT SPEARMINT,https://snusmart.com/products/velo-shift-hot-spearmint,,,Default Title,5715345021980,4.99,/home/ubuntu/snusmart_data/images/velo-shift-hot-spearmint_81599793889606.jpg
VELO,VELO TROPICAL MANGO 8.6MG,https://snusmart.com/products/velo-tropical-mango,,"EXOTIC FRUITS, FRUITS, kiya kacha, MANGO, VELO, WEAK",Default Title,5715345023847,3.99,/home/ubuntu/snusmart_data/images/velo-tropical-mango_78591853330758.jpg
VELO,VELO ICY CHERRY 14.3MG,https://snusmart.com/products/velo-icy-cherry,,"cherry, MEDIUM",Default Title,5715345023724,3.99,/home/ubuntu/snusmart_data/images/velo-icy-cherry_78592809140550.jpg
VELO,VELO SHIFT COOL PEPPERMINT,https://snusmart.com/products/velo-shift-cool-peppermint,,,Default Title,5715345026428,4.99,/home/ubuntu/snusmart_data/images/velo-shift-cool-peppermint_81599818432838.jpg
VELO,VELO SHIFT HOT PEACH,https://snusmart.com/products/velo-shift-hot-peach,,,Default Title,5715345020709,4.99,/home/ubuntu/snusmart_data/images/velo-shift-hot-peach_81599833276742.jpg
VELO,VELO SHIFT HOT GRAPE,https://snusmart.com/products/velo-shift-hot-grape,,,Default Title,5715345020761,4.99,/home/ubuntu/snusmart_data/images/velo-shift-hot-grape_81599848972614.jpg
VELO,VELO MCLAREN SWEET PAPAYA 11.4MG,https://snusmart.com/products/velo-mclaren-sweet-papaya,,"FRUITS, MEDIUM, VELO",Default Title,5715345026527,3.99,/home/ubuntu/snusmart_data/images/velo-mclaren-sweet-papaya_78591783633222.jpg
VELO,VELO ORANGE SPARK 14.3MG,https://snusmart.com/products/velo-orange-spark,,"MEDIUM, orange",Default Title,5715345006475,3.99,/home/ubuntu/snusmart_data/images/velo-orange-spark_78592899645766.jpg
VELO,VELO TROPICAL MANGO HIGH NIC 20MG,https://snusmart.com/products/velo-tropical-mango-high-nic,,"EXOTIC FRUITS, FRUITS, kiya kacha, MANGO, STRONG, VELO",Default Title,5715345023854,3.99,/home/ubuntu/snusmart_data/images/velo-tropical-mango-high-nic_80285057089862.jpg
VELO,VELO BRIGHT SPEARMINT MINI 8MG,https://snusmart.com/products/velo-bright-spearmint-mini,,"kiya kacha, MINT, VELO, WEAK",Default Title,5715345023779,3.99,/home/ubuntu/snusmart_data/images/velo-bright-spearmint-mini_77295464612166.jpg
VELO,VELO ICY BERRIES 14MG,https://snusmart.com/products/velo-icy-berries,,"EXOTIC FRUITS, FRUITS, MEDIUM, MINT, VELO",Default Title,5715345023700,3.99,/home/ubuntu/snusmart_data/images/velo-icy-berries_78593035305286.jpg
VELO,VELO WINTERY WATERMELON 14.3MG,https://snusmart.com/products/velo-wintery-watermelon,,"MEDIUM, MINT, VELO",Default Title,6253341422312,3.99,/home/ubuntu/snusmart_data/images/velo-wintery-watermelon_77590464856390.jpg
VELO,VELO MIGHTY PEPPERMINT ZERO,https://snusmart.com/products/velo-cool-storm-zero,<!---->,NICOTINE FREE,Default Title,5715345011097,3.99,/home/ubuntu/snusmart_data/images/velo-cool-storm-zero_78593125187910.jpg
VELO,VELO STRAWBERRY ICE 14.3MG,https://snusmart.com/products/velo-strawberry-ice,,"FRUITS, MEDIUM, STRAWBERRY, VELO",Default Title,,3.99,/home/ubuntu/snusmart_data/images/velo-strawberry-ice_78591816892742.jpg
VONT,VONT BANANA EXTRA STRONG 24MG,https://snusmart.com/products/banana-extra-strong,,,Default Title,0726436718448,3.99,/home/ubuntu/snusmart_data/images/banana-extra-strong_81011380552006.jpg
VONT,VONT LEMON LIME EXTRA STRONG 24MG,https://snusmart.com/products/lemon-lime-extra-strong,,,Default Title,0726436718431,3.99,/home/ubuntu/snusmart_data/images/lemon-lime-extra-strong_81011381403974.jpg
VONT,VONT FRESH MINT EXTRA STRONG 24MG,https://snusmart.com/products/fresh-mint-extra-strong,,,Default Title,0726436718455,3.99,/home/ubuntu/snusmart_data/images/fresh-mint-extra-strong_81011382059334.jpg
VONT,VONT HAVANA COLA EXTRA STRONG 24MG,https://snusmart.com/products/havana-cola-extra-strong,,,Default Title,0726436718479,3.99,/home/ubuntu/snusmart_data/images/havana-cola-extra-strong_81011382583622.jpg
VONT,VONT CREAMY STRAWBERRY EXTRA STRONG 24MG,https://snusmart.com/products/creamy-strawberry-extra-strong,,,Default Title,0726436718462,3.99,/home/ubuntu/snusmart_data/images/creamy-strawberry-extra-strong_81011383042374.jpg
VONT,VONT FRESH MINT STRONG 14MG,https://snusmart.com/products/fresh-mint-strong,,,Default Title,0726436718301,3.99,/home/ubuntu/snusmart_data/images/fresh-mint-strong_81011384877382.jpg
VONT,VONT HAVANA COLA STRONG 14MG,https://snusmart.com/products/havana-cola-strong,,,Default Title,0726436718325,3.99,/home/ubuntu/snusmart_data/images/havana-cola-strong_81011387138374.jpg
VONT,VONT CREAMY STRAWBERRY STRONG 14MG,https://snusmart.com/products/creamy-strawberry-strong,,,Default Title,0726436718318,3.99,/home/ubuntu/snusmart_data/images/creamy-strawberry-strong_81011387859270.jpg
VONT,VONT BANANA STRONG 14MG,https://snusmart.com/products/banana-strong,,,Default Title,0726436718295,3.99,/home/ubuntu/snusmart_data/images/banana-strong_81011388449094.jpg
VONT,VONT LEMON LIME STRONG 14MG,https://snusmart.com/products/lemon-lime-strong,,,Default Title,0726436718288,3.99,/home/ubuntu/snusmart_data/images/lemon-lime-strong_81011389169990.jpg
WHITE FOX,WHITE FOX ALL WHITE 16MG,https://snusmart.com/products/white-fox-all-white,,"MEDIUM, MINT, WHITE FOX",Default Title,7350049929798,4.09,/home/ubuntu/snusmart_data/images/white-fox-all-white_55862007955782.jpg
WHITE FOX,WHITE FOX DOUBLE MINT 16MG,https://snusmart.com/products/white-fox-double-mint,,"MEDIUM, MINT, WHITE FOX",Default Title,7350049929828,4.09,/home/ubuntu/snusmart_data/images/white-fox-double-mint_77336649564486.jpg
WHITE FOX,WHITE FOX PEPPERED MINT AWP 16MG,https://snusmart.com/products/white-fox-peppered-mint-awp,,"MEDIUM, MINT, WHITE FOX",Default Title,7350115291996,4.09,/home/ubuntu/snusmart_data/images/white-fox-peppered-mint-awp_78591796183366.jpg
WHITE FOX,WHITE FOX FULL CHARGE AWP 16.5MG,https://snusmart.com/products/white-fox-full-charge-awp,,"MEDIUM, MINT, WHITE FOX",Default Title,7350049929880,4.09,/home/ubuntu/snusmart_data/images/white-fox-full-charge-awp_78591663407430.jpg
WHITE FOX,WHITE FOX - BLACK EDITION (LOW DATE) 30MG,https://snusmart.com/products/white-fox-black-edition,,"MINT, STRONG, WHITE FOX",Default Title,7350049928302,2.49,/home/ubuntu/snusmart_data/images/white-fox-black-edition_77336584487238.jpg
XQS,XQS CACTUS SOUR STRONG 16MG,https://snusmart.com/products/xqs-cactus-sour-strong,,"LIME, MEDIUM",Default Title,7340170000114,4.39,/home/ubuntu/snusmart_data/images/xqs-cactus-sour-strong_73818915078470.jpg
XQS,XQS BERRRYNANA TWIST STRONG 16MG,https://snusmart.com/products/xqs-berrrynana-twist-strong,,"FRUITS, MEDIUM",Default Title,8720400682652,4.39,/home/ubuntu/snusmart_data/images/xqs-berrrynana-twist-strong_77335121133894.jpg
XQS,XQS FIZZY COLA STRONG 16MG,https://snusmart.com/products/xqs-fizzy-cola-strong,,"COLA, MEDIUM",Default Title,7340170000398,4.39,/home/ubuntu/snusmart_data/images/xqs-fizzy-cola-strong_73818915471686.jpg
XQS,XQS ELDER FLOWER STRONG 16MG,https://snusmart.com/products/xqs-eleder-flower-strong,,"LIME, MEDIUM",Default Title,7340170001333,4.39,/home/ubuntu/snusmart_data/images/xqs-eleder-flower-strong_77334950773062.jpg
XQS,XQS CACTUS SOUR LIGHT 8MG,https://snusmart.com/products/xqs-cactus-sour-light,,"LIME, WEAK",Default Title,7340170000275,4.39,/home/ubuntu/snusmart_data/images/xqs-cactus-sour-light_77334839984454.jpg
XQS,XQS COOL ICE X-STRONG 16MG,https://snusmart.com/products/xqs-cool-ice-x-strong,,"MEDIUM, MINT",Default Title,8720400630622,4.39,/home/ubuntu/snusmart_data/images/xqs-cool-ice-x-strong_77334733455686.jpg
XQS,XQS SOFT TOFFEE STRONG 16MG,https://snusmart.com/products/xqs-soft-toffee-strong,,"CARAMEL, MEDIUM",Default Title,7340170000152,4.39,/home/ubuntu/snusmart_data/images/xqs-soft-toffee-strong_77334622798150.jpg
XQS,XQS ARCTIC FREEZE ULTRA 16MG,https://snusmart.com/products/xqs-arctic-freeze-x-strong,,"MEDIUM, MINT",Default Title,8720400633265,4.39,/home/ubuntu/snusmart_data/images/xqs-arctic-freeze-x-strong_77334766649670.jpg
XQS,XQS TWIN APPLE LIGHT 16MG,https://snusmart.com/products/xqs-twin-apple-light,,"APPLE, FRUITS, MEDIUM",Default Title,7340170000367,4.39,/home/ubuntu/snusmart_data/images/xqs-twin-apple-light_73818916192582.jpg
XQS,XQS STRAWBERRY KIWI STRONG 16MG,https://snusmart.com/products/xqs-strawberry-kiwi-strong,,"kiwi, MEDIUM, STRAWBERRY",Default Title,8720400682614,4.39,/home/ubuntu/snusmart_data/images/xqs-strawberry-kiwi-strong_77334985670982.jpg
XQS,XQS TROPICAL STRONG 16MG,https://snusmart.com/products/xqs-tropical-strong,,"EXOTIC FRUITS, FRUITS, STRONG",Default Title,7340170004952,4.39,/home/ubuntu/snusmart_data/images/xqs-tropical-strong_73818914554182.jpg
XQS,XQS TROPICAL LIGHT 8MG,https://snusmart.com/products/xqs-tropical-light,,"EXOTIC FRUITS, FRUITS, WEAK",Default Title,7340170004983,4.39,/home/ubuntu/snusmart_data/images/xqs-tropical-light_73818916553030.jpg
XQS,XQS HALLONSODA STRONG 16MG,https://snusmart.com/products/xqs-hallonsoda-strong,,"BERRIES, MEDIUM",Default Title,8720400605316,4.39,/home/ubuntu/snusmart_data/images/xqs-hallonsoda-strong_77334658285894.jpg
XQS,XQS CITRUS COOLING STRONG 16MG,https://snusmart.com/products/xqs-citrus-cooling-strong,,"LIME, MEDIUM",Default Title,7340170005041,4.39,/home/ubuntu/snusmart_data/images/xqs-citrus-cooling-strong_73818914783558.jpg
XQS,XQS BLUEBERRY MINT STRONG 16MG,https://snusmart.com/products/xqs-blueberry-mint-strong,,"BERRIES, BLUEBERRY, MEDIUM, MINT",Default Title,7340170000091,4.39,/home/ubuntu/snusmart_data/images/xqs-blueberry-mint-strong_73818914881862.jpg
XQS,XQS BLACK CHERRY LIGHT 8MG,https://snusmart.com/products/xqs-black-cherry-light,,"BERRIES, cherry, WEAK",Default Title,7340170000305,4.39,/home/ubuntu/snusmart_data/images/xqs-black-cherry-light_73818916749638.jpg
XQS,XQS BLACK CHERRY STRONG 16MG,https://snusmart.com/products/xqs-black-cherry-strong,,"BERRIES, cherry, MEDIUM",Default Title,7340170000138,4.39,/home/ubuntu/snusmart_data/images/xqs-black-cherry-strong_73818914685254.jpg
XQS,XQS BLUEBERRY MINT LIGHT 8MG,https://snusmart.com/products/xgs-blueberry-mint-light,,"BERRIES, BLUEBERRY, MINT, WEAK",Default Title,7340170000244,4.39,/home/ubuntu/snusmart_data/images/xgs-blueberry-mint-light_73818917044550.jpg
XQS,XQS CITRUS COOLING LIGHT 8MG,https://snusmart.com/products/xgs-citrus-cooling-light,,"LIME, WEAK",Default Title,07340170005072,4.39,/home/ubuntu/snusmart_data/images/xgs-citrus-cooling-light_73818916913478.jpg
XQS,XQS SOFT TOFFEE LIGHT 8MG,https://snusmart.com/products/xqs-soft-toffee-light,,"CARAMEL, WEAK",Default Title,7340170000336,4.39,/home/ubuntu/snusmart_data/images/xqs-soft-toffee-light_73818916389190.jpg
XQS,XQS ARCTIC FREEZE X-STRONG 9MG,https://snusmart.com/products/xqs-arctic-freeze-ultra,,"MEDIUM, MINT",Default Title,8720400605392,4.39,/home/ubuntu/snusmart_data/images/xqs-arctic-freeze-ultra_77334811083078.jpg
XTRIME,XTRIME X-FREEZE 30MG,https://snusmart.com/products/xtrime-x-freeze,,"MINT, STRONG, XTRIME",Default Title,5744000760766,3.39,/home/ubuntu/snusmart_data/images/xtrime-x-freeze_77336538448198.jpg
ZYN,ZYN Red Fruits Slim Strong 12.8MG,https://snusmart.com/products/zyn-red-fruits-slim-strong,,"FRUITS, MEDIUM",Default Title,7311250045547,4.79,/home/ubuntu/snusmart_data/images/zyn-red-fruits-slim-strong_77335434101062.jpg
ZYN,Zyn Apple Mint Mini 15MG,https://snusmart.com/products/zyn-apple-mint-mini-6mg,,"APPLE, MEDIUM, MINT",Default Title,7311250007071,4.79,/home/ubuntu/snusmart_data/images/zyn-apple-mint-mini-6mg_77336441127238.jpg
ZYN,ZYN Spearmint 3.75MG Mini,https://snusmart.com/products/zyn-spearmint-mini,,"MINT, WEAK",Default Title,7311250079092,4.79,/home/ubuntu/snusmart_data/images/zyn-spearmint-mini_77336099881286.jpg
ZYN,ZYN Apple Mint Slim Extra Strong 15.7MG,https://snusmart.com/products/zyn-apple-mint-slim-extra-strong,,"APPLE, MEDIUM, MINT",Default Title,5704420044099,4.79,/home/ubuntu/snusmart_data/images/zyn-apple-mint-slim-extra-strong_74276312809798.jpg
ZYN,ZYN Spearmint Slim Strong 12.8MG,https://snusmart.com/products/zyn-spearmint-slim-strong,,"MEDIUM, MINT",Default Title,5704420047229,4.79,/home/ubuntu/snusmart_data/images/zyn-spearmint-slim-strong_77335340843334.jpg
ZYN,ZYN Red Fruits Slim 9.2MG,https://snusmart.com/products/zyn-red-fruits-slim,,"FRUITS, MEDIUM",Default Title,7311250045530,4.79,/home/ubuntu/snusmart_data/images/zyn-red-fruits-slim_77335473226054.jpg
ZYN,ZYN Citrus Slim Strong 12.8MG,https://snusmart.com/products/zyn-citrus-slim-strong,,"LIME, MEDIUM",Default Title,7311250030970,4.79,/home/ubuntu/snusmart_data/images/zyn-citrus-slim-strong_77335844913478.jpg
ZYN,Zyn apple mint mini 7.5MG,https://snusmart.com/products/zyn-apple-mint-mini-3mg,,"APPLE, MINT, WEAK",Default Title,7311250007064,4.79,/home/ubuntu/snusmart_data/images/zyn-apple-mint-mini-3mg_77336417206598.jpg
ZYN,ZYN Citrus 7.5MG Mini,https://snusmart.com/products/zyn-citrus-3mg-mini,,"LIME, WEAK",Default Title,7311250030604,4.79,/home/ubuntu/snusmart_data/images/zyn-citrus-3mg-mini_77336160174406.jpg
ZYN,ZYN Apple Mint Slim Strong 12.5MG,https://snusmart.com/products/zyn-apple-mint-slim-strong,,"APPLE, MEDIUM, MINT",Default Title,7311250030925,4.79,/home/ubuntu/snusmart_data/images/zyn-apple-mint-slim-strong_77335883350342.jpg
ZYN,ZYN Cool Mint 7.5MG Mini,https://snusmart.com/products/zyn-cool-mint-3mg-mini,,"MINT, WEAK",Default Title,7311250030635,4.79,/home/ubuntu/snusmart_data/images/zyn-cool-mint-3mg-mini_77336122982726.jpg
ZYN,ZYN Gentle Mint Slim 9.2MG,https://snusmart.com/products/zyn-gentle-mint-slim,,"MEDIUM, MINT",Default Title,7311250045554,4.79,/home/ubuntu/snusmart_data/images/zyn-gentle-mint-slim_77335562617158.jpg
ZYN,ZYN Espressino Mini Dry 7.5MG,https://snusmart.com/products/zyn-espressino-mini-dry-3mg,,"COFFEE, WEAK",Default Title,7311250079108,4.79,/home/ubuntu/snusmart_data/images/zyn-espressino-mini-dry-3mg_77335970349382.jpg
ZYN,ZYN Cool Mint Slim Strong 12.8MG,https://snusmart.com/products/zyn-cool-mint-slim-strong,,"MEDIUM, MINT",Default Title,5704420044174,4.79,/home/ubuntu/snusmart_data/images/zyn-cool-mint-slim-strong_77335192895814.jpg
ZYN,Zyn cucumber lime Slim 9.2MG,https://snusmart.com/products/zyn-cucumber-lime-slim,,"LIME, MEDIUM",Default Title,5704420007681,4.79,/home/ubuntu/snusmart_data/images/zyn-cucumber-lime-slim_77335798579526.jpg
ZYN,ZYN Bellini 7.5MG Mini,https://snusmart.com/products/zyn-bellini-3mg-mini,,"FRUITS, WEAK",Default Title,7311250076732,4.79,/home/ubuntu/snusmart_data/images/zyn-bellini-3mg-mini_77336385913158.jpg
ZYN,ZYN Violet Licorice Slim Strong 12.8MG,https://snusmart.com/products/zyn-violet-licorice-slim-strong,,"LIQUORICE, MEDIUM",Default Title,7311250045561,4.79,/home/ubuntu/snusmart_data/images/zyn-violet-licorice-slim-strong_77335279108422.jpg
ZYN,ZYN Violet Licorice Slim 9.2MG,https://snusmart.com/products/zyn-violet-licorice-slim,,"LIQUORICE, MEDIUM",Default Title,5704420007773,4.79,/home/ubuntu/snusmart_data/images/zyn-violet-licorice-slim_77335300702534.jpg
ZYN,Zyn Black cherry Mini 15MG,https://snusmart.com/products/zyn-black-cherry-mini-6mg,,"BERRIES, cherry, MEDIUM",Default Title,7311250007033,4.79,/home/ubuntu/snusmart_data/images/zyn-black-cherry-mini-6mg_77336297308486.jpg
ZYN,ZYN Espressino Mini Dry 15MG,https://snusmart.com/products/zyn-espressino-mini-dry-6mg,,"COFFEE, MEDIUM",Default Title,7311250078309,4.79,/home/ubuntu/snusmart_data/images/zyn-espressino-mini-dry-6mg_77335914742086.jpg
ZYN,ZYN Lemon Spritz Slim 9.2MG,https://snusmart.com/products/zyn-lemon-spritz-slim,,"LIME, MEDIUM",Default Title,5704420007711,4.79,/home/ubuntu/snusmart_data/images/zyn-lemon-spritz-slim_77335512711494.jpg
ZYN,ZYN Citrus Slim Extra Strong 15.7MG,https://snusmart.com/products/zyn-citrus-slim-extra-strong,,"LIME, MEDIUM",Default Title,5704420044105,4.79,/home/ubuntu/snusmart_data/images/zyn-citrus-slim-extra-strong_74276330471750.jpg
ZYN,ZYN Cool Mint Slim Extra Strong 15.7MG,https://snusmart.com/products/zyn-cool-mint-slim-extra-strong,,"MEDIUM, MINT",Default Title,5704420007698,4.79,/home/ubuntu/snusmart_data/images/zyn-cool-mint-slim-extra-strong_77335214784838.jpg
ZYN,zyn black cherry mini 7.5MG,https://snusmart.com/products/zyn-black-cherry-mini-3mg,,"BERRIES, cherry, WEAK",Default Title,7311250030574,4.79,/home/ubuntu/snusmart_data/images/zyn-black-cherry-mini-3mg_77336341020998.jpg
ZYN,ZYN Cool mint 15MG Mini,https://snusmart.com/products/zyn-cool-mint-6mg-mini,,"MEDIUM, MINT",Default Title,7311250079078,4.79,/home/ubuntu/snusmart_data/images/zyn-cool-mint-6mg-mini_77335239590214.jpg
ZYN,ZYN Spearmint Slim 9.2MG,https://snusmart.com/products/zyn-spearmint-slim,,"MEDIUM, MINT",Default Title,5704420044181,4.79,/home/ubuntu/snusmart_data/images/zyn-spearmint-slim_77335392289094.jpg
77,77 GHOST Mini Cola Ice 40MG,https://snusmart.com/products/77-nicotine-pouches-ghost-mini-cola-ice-extra-strong,,"COLA, EXTRA STRONG",Default Title,5906670981913,3.79,/home/ubuntu/snusmart_data/images/77-nicotine-pouches-ghost-mini-cola-ice-extra-strong_77299899531590.jpg
77,77 Cola Ice 16MG,https://snusmart.com/products/77-nicotine-pouches-cola-ice-medium,,"COLA, MEDIUM, MINT",Default Title,5906670984464,3.79,/home/ubuntu/snusmart_data/images/77-nicotine-pouches-cola-ice-medium_77300127400262.jpg
77,77 COLA CHERRY 16MG,https://snusmart.com/products/77-cola-cherry,,"77, cherry, COLA, MEDIUM",Default Title,5905591987233,3.79,/home/ubuntu/snusmart_data/images/77-cola-cherry_80679040811334.jpg
77,77 Blueberry Ice 16MG,https://snusmart.com/products/77-nicotine-pouches-blueberry-ice-medium,,"BERRIES, BLUEBERRY, MEDIUM, MINT",Default Title,5906670982866,3.79,/home/ubuntu/snusmart_data/images/77-nicotine-pouches-blueberry-ice-medium_77300157055302.jpg
77,77 COLA & VANILLA 16MG,https://snusmart.com/products/77-cola-vanilla,,"77, COLA, MEDIUM, VANILLA",Default Title,5905591986700,3.79,/home/ubuntu/snusmart_data/images/77-cola-vanilla_80679021216070.jpg
77,77 GHOST MINI COLA & VANILLA 40MG,https://snusmart.com/products/77-ghost-mini-cola-vanilla,,"77, COLA, STRONG, VANILLA",Default Title,5907053726626,3.79,/home/ubuntu/snusmart_data/images/77-ghost-mini-cola-vanilla_80679045660998.jpg
77,77 SALTED CARAMEL 16MG,https://snusmart.com/products/77-salted-caramel,,"77, CARAMEL, MEDIUM",Default Title,5906670983221,3.79,/home/ubuntu/snusmart_data/images/77-salted-caramel_80679030980934.jpg
77,77 WATERMELON ICE 16MG,https://snusmart.com/products/77-watermelon-ice,,"77, MEDIUM, WATERMELON",Default Title,5905591987912,3.79,/home/ubuntu/snusmart_data/images/77-watermelon-ice_80679018398022.jpg
77,77 FRESH MINT 16MG,https://snusmart.com/products/77-nicotine-pouches-fresh-mint-medium,,"MEDIUM, MINT",Default Title,5905591986052,3.79,/home/ubuntu/snusmart_data/images/77-nicotine-pouches-fresh-mint-medium_77300984971590.jpg
77,77 PEACH & MINT 16MG,https://snusmart.com/products/77-peach-mint,,"77, MEDIUM, MINT, PEACH",Default Title,5905591987790,3.79,/home/ubuntu/snusmart_data/images/77-peach-mint_80679042122054.jpg
77,77 GHOST Mini Original 40MG,https://snusmart.com/products/77-nicotine-pouches-ghost-mini-original-extra-strong,,"EXTRA STRONG, MINT",Default Title,5906670981883,3.79,/home/ubuntu/snusmart_data/images/77-nicotine-pouches-ghost-mini-original-extra-strong_77299863585094.jpg
77,77 FOREST FRUITS 16MG,https://snusmart.com/products/77-forest-fruits,,"77, BLUEBERRY, MEDIUM, RASPBERRY",Default Title,5905591987875,3.79,/home/ubuntu/snusmart_data/images/77-forest-fruits_80679010402630.jpg
77,77 STRAWBERRY 16MG,https://snusmart.com/products/77-strawberry,,"77, MEDIUM, STRAWBERRY",Default Title,5905591987899,3.79,/home/ubuntu/snusmart_data/images/77-strawberry_80679039795526.jpg
77,77 APPLE & MINT 16MG,https://snusmart.com/products/77-apple-mint,,"77, APPLE, MEDIUM, MINT",Default Title,5905591983723,3.79,/home/ubuntu/snusmart_data/images/77-apple-mint_80679006273862.jpg
77,77 GHOST MINI COLA ICE 40MG,https://snusmart.com/products/77-ghost-mini-cola-ice,,"77, COLA, STRONG",Default Title,5906670981968,3.79,/home/ubuntu/snusmart_data/images/77-ghost-mini-cola-ice_80679029539142.jpg
77,77 BLACK CURRANT ICE 16MG,https://snusmart.com/products/77-black-currant-ice,,"77, BLUEBERRY, MEDIUM, RASPBERRY",Default Title,5905591987820,3.79,/home/ubuntu/snusmart_data/images/77-black-currant-ice_80679036518726.jpg
77,77 GHOST MINI WATERMELON ICE 40MG,https://snusmart.com/products/77-ghost-mini-watermelon-ice,,"77, STRONG, WATERMELON",Default Title,5907053726633,3.79,/home/ubuntu/snusmart_data/images/77-ghost-mini-watermelon-ice_80679043301702.jpg
77,77 RASPBERRY ICE 16MG,https://snusmart.com/products/77-raspberry-ice,,"77, MEDIUM, RASPBERRY",Default Title,5905591987882,3.79,/home/ubuntu/snusmart_data/images/77-raspberry-ice_80679035470150.jpg
77,77 GHOST MINI ORIGINAL 40MG,https://snusmart.com/products/77-ghost-mini-original,,"77, MEDIUM, MINT",Default Title,5906670981999,3.79,/home/ubuntu/snusmart_data/images/77-ghost-mini-original_80679023673670.jpg
77,77 VB EDITION ARTIC BERRY 16MG,https://snusmart.com/products/77-vb-edition-artic-berry,,"77, BLUEBERRY, MEDIUM, RASPBERRY",Default Title,5905591988063,3.79,/home/ubuntu/snusmart_data/images/77-vb-edition-artic-berry_80679028195654.jpg
77,77 VB EDITION SPEARMINT 16MG,https://snusmart.com/products/77-vb-edition-spearmint,,"77, MEDIUM, MINT",Default Title,5907053726619,3.79,/home/ubuntu/snusmart_data/images/77-vb-edition-spearmint_81013172044102.jpg
77,77 ICE MINT 16MG,https://snusmart.com/products/77-ice-mint,,"77, MEDIUM, MINT",Default Title,5905591987844,3.79,/home/ubuntu/snusmart_data/images/77-ice-mint_80679022133574.jpg
77,77 Raspberry & Vanilla 16MG,https://snusmart.com/products/77-nicotine-pouches-raspberry-vanilla-medium,,"MEDIUM, RASPBERRY, VANILLA",Default Title,5905591986199,3.79,/home/ubuntu/snusmart_data/images/77-nicotine-pouches-raspberry-vanilla-medium_77300264108358.jpg
77,77 Raspberry (Ice) 16MG,https://snusmart.com/products/77-nicotine-pouches-raspberry-ice-medium,,"BERRIES, MEDIUM, RASPBERRY",Default Title,5905591986137,3.79,/home/ubuntu/snusmart_data/images/77-nicotine-pouches-raspberry-ice-medium_77300678132038.jpg
77,77 Black Currant 16MG,https://snusmart.com/products/77-nicotine-pouches-black-currant-medium,,"BERRIES, MEDIUM",Default Title,5905591986076,3.79,/home/ubuntu/snusmart_data/images/77-nicotine-pouches-black-currant-medium_77300931559750.jpg
77,77 Strawberry 16MG,https://snusmart.com/products/77-nicotine-pouches-strawberry-medium,,"BERRIES, MEDIUM, STRAWBERRY",Default Title,5905591986144,3.79,/home/ubuntu/snusmart_data/images/77-nicotine-pouches-strawberry-medium_77300634845510.jpg
77,77 VB Edition Liquorice & Citrus 16MG,https://snusmart.com/products/77-nicotine-pouches-vb-edition-liquorice-citrus-medium,,"LIME, LIQUORICE, MEDIUM",Default Title,5905591986229,3.79,/home/ubuntu/snusmart_data/images/77-nicotine-pouches-vb-edition-liquorice-citrus-medium_77300095844678.jpg
77,77 Salted Caramel 16MG,https://snusmart.com/products/77-nicotine-pouches-salted-caramel-medium,,"CARAMEL, MEDIUM",Default Title,5906670982842,3.79,/home/ubuntu/snusmart_data/images/77-nicotine-pouches-salted-caramel-medium_77300573503814.jpg
77,77 Tropical Mint 16MG,https://snusmart.com/products/77-nicotine-pouches-tropical-mint-medium,,"BANANA, COCONUT, MANGO, MEDIUM, MINT, PINEAPPLE",Default Title,5905591986151,3.79,/home/ubuntu/snusmart_data/images/77-nicotine-pouches-tropical-mint-medium_77300406419782.jpg
77,77 VB Edition Arctic Berry 16MG,https://snusmart.com/products/77-nicotine-pouches-vb-edition-arctic-berry-medium,,"BERRIES, MEDIUM, MINT",Default Title,5905591986250,3.79,/home/ubuntu/snusmart_data/images/77-nicotine-pouches-vb-edition-arctic-berry-medium_77300046561606.jpg
77,77 Classic Tobacco 16MG,https://snusmart.com/products/77-nicotine-pouches-classic-tobacco-medium,,MEDIUM,Default Title,5905591986113,3.79,/home/ubuntu/snusmart_data/images/77-nicotine-pouches-classic-tobacco-medium_77300748976454.jpg
77,77 RASPBERRY VANILLA 16MG,https://snusmart.com/products/77-raspberry-vanilla,,"77, MEDIUM, RASPBERRY, VANILLA",Default Title,5905591989138,3.79,/home/ubuntu/snusmart_data/images/77-raspberry-vanilla_80679033209158.jpg
PUFF & POUCH,PUFF & POUCH ANABOLIC BERRY 19.6MG,https://snusmart.com/products/puff-pouch-anabolic-berry,,"BERRIES, BLUEBERRY, PUFF & POUCH, STRONG",Default Title,6429811342309,3.69,/home/ubuntu/snusmart_data/images/puff-pouch-anabolic-berry_58541813399878.jpg
PUFF & POUCH,PUFF & POUCH BERRIES 16MG,https://snusmart.com/products/puff-pouch-berries-12mg,,"BERRIES, MEDIUM",Default Title,4745010374159,3.69,/home/ubuntu/snusmart_data/images/puff-pouch-berries-12mg_77337658425670.jpg
PUFF & POUCH,PUFF & POUCH CHERRY 16MG,https://snusmart.com/products/puff-pouch-cherry-8mg,,"BERRIES, cherry, MEDIUM",Default Title,4745010374111,3.69,/home/ubuntu/snusmart_data/images/puff-pouch-cherry-8mg_77337586893126.jpg
PUFF & POUCH,PUFF & POUCH ICE 16MG,https://snusmart.com/products/puff-pouch-ice-12mg,,"MEDIUM, MINT",Default Title,4745010374135,3.69,/home/ubuntu/snusmart_data/images/puff-pouch-ice-12mg_77339261468998.jpg
PUFF & POUCH,PUFF & POUCH PEPPERMINT 16MG,https://snusmart.com/products/puff-pouch-peppermint-12mg,,"MEDIUM, MINT, PUFF & POUCH",Default Title,4745010374128,3.69,/home/ubuntu/snusmart_data/images/puff-pouch-peppermint-12mg_77337141412166.jpg
PUFF & POUCH,PUFF & POUCH CITRUS 16MG,https://snusmart.com/products/puff-pouch-citrus-12mg,,"LIME, MEDIUM",Default Title,4745010374142,3.69,/home/ubuntu/snusmart_data/images/puff-pouch-citrus-12mg_77338473627974.jpg
PUFF & POUCH,PUFF & POUCH FROSTY RAGE 19.6MG,https://snusmart.com/products/puff-pouch-frosty-rage,,"MINT, PUFF & POUCH, STRONG",Default Title,,3.69,/home/ubuntu/snusmart_data/images/puff-pouch-frosty-rage_58541814874438.jpg
PUFF & POUCH,PUFF & POUCH WASTED - Mango & Jalapeno 16MG,https://snusmart.com/products/puff-pouch-wasted,,"CHILI, EXOTIC FRUITS, FRUIT, MANGO, MEDIUM, PUFF & POUCH",Default Title,6429811342316,3.69,/home/ubuntu/snusmart_data/images/puff-pouch-wasted_77339320287558.jpg
ZEUS,ZEUS LEGEND SCOTCH WHISKEY MIGHTY STRONG 50MG,https://snusmart.com/products/zeus-legend-scotch-whiskey-mighty-strong-50mg,,,Default Title,4745091751993,3.69,/home/ubuntu/snusmart_data/images/zeus-legend-scotch-whiskey-mighty-strong-50mg_80599594533190.jpg
ZEUS,ZEUS LEGEND THUNDER STRIKE MIGHTY STRONG 50MG,https://snusmart.com/products/zeus-legend-thunder-strike-mighty-strong-50mg,,,Default Title,4745091752082,3.69,/home/ubuntu/snusmart_data/images/zeus-legend-thunder-strike-mighty-strong-50mg_80599595319622.jpg
ZEUS,ZEUS LEGEND SCOTCH WHISKEY 8MG,https://snusmart.com/products/zeus-legend-scotch-whiskey-strong-20mg,,,Default Title,4745091751986,3.69,/home/ubuntu/snusmart_data/images/zeus-legend-scotch-whiskey-strong-20mg_81095835484486.jpg
ZEUS,ZEUS LEGEND CHERRY COLA MIGHTY STRONG 50MG,https://snusmart.com/products/zeus-legend-cherry-cola-mighty-strong-50mg,,"cherry, COLA",Default Title,4745091752051,3.69,/home/ubuntu/snusmart_data/images/zeus-legend-cherry-cola-mighty-strong-50mg_80599595057478.jpg
ZEUS,ZEUS LEGEND CHAMPAGNE MIGHTY STRONG 50MG,https://snusmart.com/products/zeus-legend-champagne-mighty-strong-50mg,,,Default Title,4745091751962,3.69,/home/ubuntu/snusmart_data/images/zeus-legend-champagne-mighty-strong-50mg_80599594434886.jpg
ZEUS,ZEUS LEGEND CHERRY COLA 8MG,https://snusmart.com/products/zeus-legend-cherry-cola-strong-20mg,,"cherry, COLA",Default Title,4745091752044,3.69,/home/ubuntu/snusmart_data/images/zeus-legend-cherry-cola-strong-20mg_81095953908038.jpg
ZEUS,ZEUS LEGEND CHAMPAGNE 8MG,https://snusmart.com/products/zeus-legend-champagne-strong-20mg,,,Default Title,4745091751955,3.69,/home/ubuntu/snusmart_data/images/zeus-legend-champagne-strong-20mg_81095809859910.jpg
ZEUS,ZEUS LEGEND COSMOPOLITAN 8MG,https://snusmart.com/products/zeus-legend-cosmopolitan-strong-20mg,,,Default Title,4745091751924,3.69,/home/ubuntu/snusmart_data/images/zeus-legend-cosmopolitan-strong-20mg_81095787970886.jpg
ZEUS,ZEUS LEGEND COSMOPOLITAN MIGHTY STRONG 50MG,https://snusmart.com/products/zeus-legend-cosmopolitan-mighty-strong-50mg,,,Default Title,4745091751931,3.69,/home/ubuntu/snusmart_data/images/zeus-legend-cosmopolitan-mighty-strong-50mg_80599594205510.jpg
ZEUS,ZEUS LEGEND MIGHTY MINT 8MG,https://snusmart.com/products/zeus-legend-mighty-mint-strong-20mg,,,Default Title,4745091752105,3.69,/home/ubuntu/snusmart_data/images/zeus-legend-mighty-mint-strong-20mg_81096013250886.jpg
ZEUS,ZEUS LEGEND MIGHTY MINT MIGHTY STRONG 50MG,https://snusmart.com/products/zeus-legend-mighty-mint-mighty-strong-50mg,,,Default Title,4745091752112,3.69,/home/ubuntu/snusmart_data/images/zeus-legend-mighty-mint-mighty-strong-50mg_80599595581766.jpg
ZEUS,ZEUS LEGEND CRYSTAL COLD MIGHTY STRONG 50MG,https://snusmart.com/products/zeus-legend-crystal-cold-mighty-strong-50mg,,,Default Title,4745091752020,3.69,/home/ubuntu/snusmart_data/images/zeus-legend-crystal-cold-mighty-strong-50mg_80599594664262.jpg
ZEUS,ZEUS LEGEND THUNDER STRIKE 8MG,https://snusmart.com/products/zeus-legend-thunder-strike-strong-20mg,,,Default Title,4745091752075,3.69,/home/ubuntu/snusmart_data/images/zeus-legend-thunder-strike-strong-20mg_81095985660230.jpg
ZEUS,ZEUS LEGEND CRYSTAL COLD 8MG,https://snusmart.com/products/zeus-legend-crystal-cold-strong-20mg,,,Default Title,4745091752013,3.69,/home/ubuntu/snusmart_data/images/zeus-legend-crystal-cold-strong-20mg_81166713258310.jpg
ZEUS,ZEUS LEGEND COLD LIGHTNING MIGHTY STRONG 50MG,https://snusmart.com/products/zeus-legend-cold-lightning-mighty-strong-50mg,,,Default Title,4745091752143,3.69,/home/ubuntu/snusmart_data/images/zeus-legend-cold-lightning-mighty-strong-50mg_80599595614534.jpg
ZEUS,ZEUS LEGEND COLD LIGHTNING 8MG,https://snusmart.com/products/zeus-legend-cold-lightning-strong-20mg,,,Default Title,4745091752136,3.69,/home/ubuntu/snusmart_data/images/zeus-legend-cold-lightning-strong-20mg_81096023474502.jpg
ZEUS,ZEUS EPIC BERRY EXTRA STRONG 50MG,https://snusmart.com/products/zeus-epic-berry-extra-strong-50mg,,,Default Title,4751044000902,3.69,/home/ubuntu/snusmart_data/images/zeus-epic-berry-extra-strong-50mg_80599582933318.jpg
ZEUS,ZEUS BUBBLEGUM EXTRA STRONG 50MG,https://snusmart.com/products/zeus-bubblegum-extra-strong-50mg,,"BUBBLEGUM, EXTRA STRONG",Default Title,4745091752532,3.69,/home/ubuntu/snusmart_data/images/zeus-bubblegum-extra-strong-50mg_80599580180806.jpg
ZEUS,ZEUS TRUE NORTH EXTRA STRONG 50MG,https://snusmart.com/products/zeus-true-north-extra-strong-50mg,,,Default Title,4751044000391,3.69,/home/ubuntu/snusmart_data/images/zeus-true-north-extra-strong-50mg_80599579001158.jpg
ZEUS,ZEUS TROPIC BURST EXTRA STRONG 50MG,https://snusmart.com/products/zeus-tropic-burst-extra-strong-50mg,,,Default Title,4751044000407,3.69,/home/ubuntu/snusmart_data/images/zeus-tropic-burst-extra-strong-50mg_80599576969542.jpg
ZEUS,ZEUS CHERRY BLOSSOM EXTRA STRONG 50MG,https://snusmart.com/products/zeus-cherry-blossom-extra-strong-50mg,,cherry,Default Title,4751044000414,3.69,/home/ubuntu/snusmart_data/images/zeus-cherry-blossom-extra-strong-50mg_80599573823814.jpg
ZEUS,ZEUS MINT RAGE EXTRA STRONG 50MG,https://snusmart.com/products/zeus-mint-rage-extra-strong-50mg,,,Default Title,4751044000445,3.69,/home/ubuntu/snusmart_data/images/zeus-mint-rage-extra-strong-50mg_80599568679238.jpg
ZEUS,ZEUS FROZEN CITRUS EXTRA STRONG 50MG,https://snusmart.com/products/zeus-frozen-citrus-extra-strong-50mg,,,Default Title,4751044000421,3.69,/home/ubuntu/snusmart_data/images/zeus-frozen-citrus-extra-strong-50mg_80599565566278.jpg
ZEUS,ZEUS ARCTIC FREEZE EXTRA STRONG 50MG,https://snusmart.com/products/zeus-arctic-freeze-extra-strong-50mg,,,Default Title,4751044000438,3.69,/home/ubuntu/snusmart_data/images/zeus-arctic-freeze-extra-strong-50mg_80599562125638.jpg
ZEUS,ZEUS EPIC BERRY STRONG 20MG,https://snusmart.com/products/zeus-epic-berry-strong-20mg,,,Default Title,4751044000919,3.69,/home/ubuntu/snusmart_data/images/zeus-epic-berry-strong-20mg_80599559766342.jpg
ZEUS,ZEUS BUBBLEGUM STRONG 20MG,https://snusmart.com/products/zeus-bubblegum-strong-20mg,,"BUBBLEGUM, STRONG",Default Title,4745091752525,3.69,/home/ubuntu/snusmart_data/images/zeus-bubblegum-strong-20mg_80599554392390.jpg
ZEUS,ZEUS TRUE NORTH STRONG 20MG,https://snusmart.com/products/zeus-true-north-strong-20mg,,,Default Title,4751044000384,3.69,/home/ubuntu/snusmart_data/images/zeus-true-north-strong-20mg_80599551803718.jpg
ZEUS,ZEUS TROPIC BURST STRONG 20MG,https://snusmart.com/products/zeus-tropic-burst-strong-20mg,,,Default Title,4751044000322,3.69,/home/ubuntu/snusmart_data/images/zeus-tropic-burst-strong-20mg_80599551607110.jpg
ZEUS,ZEUS CHERRY BLOSSOM STRONG 20MG,https://snusmart.com/products/zeus-cherry-blossom-strong-20mg,,cherry,Default Title,4751044000377,3.69,/home/ubuntu/snusmart_data/images/zeus-cherry-blossom-strong-20mg_80599551541574.jpg
ZEUS,ZEUS MINT RAGE STRONG 20MG,https://snusmart.com/products/zeus-mint-rage-strong-20mg,,,Default Title,4751044000018,3.69,/home/ubuntu/snusmart_data/images/zeus-mint-rage-strong-20mg_80599551246662.jpg
ZEUS,ZEUS FROZEN CITRUS STRONG 20MG,https://snusmart.com/products/zeus-frozen-citrus-strong-20mg,,,Default Title,4751044000032,3.69,/home/ubuntu/snusmart_data/images/zeus-frozen-citrus-strong-20mg_80599551148358.jpg
ZEUS,ZEUS ARCTIC FREEZE STRONG 20MG,https://snusmart.com/products/zeus-arctic-freeze-strong-20mg,,,Default Title,4751044000087,3.69,/home/ubuntu/snusmart_data/images/zeus-arctic-freeze-strong-20mg_80599550918982.jpg
ZEUS,ZEUS EPIC BERRY LIGHT 8MG,https://snusmart.com/products/zeus-epic-berry-light-8mg,,,Default Title,4751044000933,3.69,/home/ubuntu/snusmart_data/images/zeus-epic-berry-light-8mg_80599550820678.jpg
ZEUS,ZEUS BUBBLEGUM LIGHT 8MG,https://snusmart.com/products/zeus-bubblegum-light-8mg,,"BUBBLEGUM, WEAK",Default Title,4745091752518,3.69,/home/ubuntu/snusmart_data/images/zeus-bubblegum-light-8mg_80599550755142.jpg
ZEUS,ZEUS TRUE NORTH LIGHT 8MG,https://snusmart.com/products/zeus-true-north-light-8mg,,,Default Title,4751044000506,3.69,/home/ubuntu/snusmart_data/images/zeus-true-north-light-8mg_80599550558534.jpg
ZEUS,ZEUS TROPIC BURST LIGHT 8MG,https://snusmart.com/products/zeus-tropic-burst-light-8mg,,,Default Title,4751044000483,3.69,/home/ubuntu/snusmart_data/images/zeus-tropic-burst-light-8mg_80599550460230.jpg
ZEUS,ZEUS CHERRY BLOSSOM LIGHT 8MG,https://snusmart.com/products/zeus-cherry-blossom-light-8mg,,cherry,Default Title,4751044000490,3.69,/home/ubuntu/snusmart_data/images/zeus-cherry-blossom-light-8mg_80599550296390.jpg
ZEUS,ZEUS MINT RAGE LIGHT 8MG,https://snusmart.com/products/zeus-mint-rage-light-8mg,,,Default Title,4751044000452,3.69,/home/ubuntu/snusmart_data/images/zeus-mint-rage-light-8mg_80599550198086.jpg
ZEUS,ZEUS FROZEN CITRUS LIGHT 8MG,https://snusmart.com/products/zeus-frozen-citrus-light-8mg,,,Default Title,4751044000476,3.69,/home/ubuntu/snusmart_data/images/zeus-frozen-citrus-light-8mg_80599550099782.jpg
ZEUS,ZEUS ARCTIC FREEZE LIGHT 8MG,https://snusmart.com/products/zeus-arctic-freeze-light-8mg,,,Default Title,4751044000469,3.69,/home/ubuntu/snusmart_data/images/zeus-arctic-freeze-light-8mg_80599550001478.jpg
